File,Function,LOC,SLOC-P,SLOC-L,MVG,BLOC,C&SLOC,CLOC,CWORD
C:\Users\Arne Stenkrona\Source\Repos\Prototype\Prototype\Prototype\src\data_structures\quadTree.cpp,"QuadTree::QuadTree(int pLevel, Point _position, Point _bounds)",1,1,1,0,0,0,0,0,
C:\Users\Arne Stenkrona\Source\Repos\Prototype\Prototype\Prototype\src\data_structures\quadTree.cpp,QuadTree::~QuadTree(),2,2,2,0,0,0,0,0,
C:\Users\Arne Stenkrona\Source\Repos\Prototype\Prototype\Prototype\src\data_structures\quadTree.cpp,QuadTree::clear(),11,9,7,2,2,0,0,0,
C:\Users\Arne Stenkrona\Source\Repos\Prototype\Prototype\Prototype\src\data_structures\quadTree.cpp,QuadTree::split(),53,45,36,8,6,0,2,9,
C:\Users\Arne Stenkrona\Source\Repos\Prototype\Prototype\Prototype\src\data_structures\quadTree.cpp,"QuadTree::retrieve(set<PolygonCollider*> *returnColliders, PolygonCollider *collider)",34,34,23,9,0,1,0,13,
C:\Users\Arne Stenkrona\Source\Repos\Prototype\Prototype\Prototype\src\data_structures\quadTree.cpp,"segmentIntersectRectangle(double a_rectangleMinX, double a_rectangleMinY, double a_rectangleMaxX, double a_rectangleMaxY, double a_p1x, double a_p1y, double a_p2x, double a_p2y)",69,49,31,12,16,2,4,55,
C:\Users\Arne Stenkrona\Source\Repos\Prototype\Prototype\Prototype\src\data_structures\quadTree.cpp,"QuadTree::retrieve(set<PolygonCollider*>* returnColliders, Point a, Point b)",30,24,15,5,5,0,1,3,
C:\Users\Arne Stenkrona\Source\Repos\Prototype\Prototype\Prototype\src\data_structures\quadTree.cpp,QuadTree::insert(PolygonCollider * collider),40,40,29,9,0,0,0,0,
C:\Users\Arne Stenkrona\Source\Repos\Prototype\Prototype\Prototype\src\data_structures\quadTree.cpp,QuadTree::setBounds(Point _bounds),2,2,2,0,0,0,0,0,
C:\Users\Arne Stenkrona\Source\Repos\Prototype\Prototype\Prototype\src\data_structures\quadTree.cpp,QuadTree::draw(),12,10,9,2,2,0,0,0,
C:\Users\Arne Stenkrona\Source\Repos\Prototype\Prototype\Prototype\src\data_structures\quadTree.cpp,QuadTree::getIndex(PolygonCollider * collider),71,48,33,11,9,0,14,83,
C:\Users\Arne Stenkrona\Source\Repos\Prototype\Prototype\Prototype\src\GameObject\gameObject.cpp,GameObject::GameObject(std::string _name),2,2,2,0,0,0,0,0,
C:\Users\Arne Stenkrona\Source\Repos\Prototype\Prototype\Prototype\src\GameObject\gameObject.cpp,GameObject::~GameObject(),10,8,6,1,2,0,0,0,
C:\Users\Arne Stenkrona\Source\Repos\Prototype\Prototype\Prototype\src\GameObject\gameObject.cpp,GameObject::startAll(),9,9,5,3,0,0,0,0,
C:\Users\Arne Stenkrona\Source\Repos\Prototype\Prototype\Prototype\src\GameObject\gameObject.cpp,GameObject::updateAll(),20,5,3,2,2,0,13,42,
C:\Users\Arne Stenkrona\Source\Repos\Prototype\Prototype\Prototype\src\GameObject\gameObject.cpp,GameObject::lateUpdateAll(),19,15,9,6,2,0,2,18,
C:\Users\Arne Stenkrona\Source\Repos\Prototype\Prototype\Prototype\src\GameObject\gameObject.cpp,GameObject::setActive(bool b),11,10,8,1,0,0,1,19,
C:\Users\Arne Stenkrona\Source\Repos\Prototype\Prototype\Prototype\src\GameObject\gameObject.cpp,GameObject::updateComponents(),5,5,3,1,0,0,0,0,
C:\Users\Arne Stenkrona\Source\Repos\Prototype\Prototype\Prototype\src\GameObject\gameObject.cpp,GameObject::onCollisionEnter(Collision *collision),7,7,4,2,0,0,0,0,
C:\Users\Arne Stenkrona\Source\Repos\Prototype\Prototype\Prototype\src\GameObject\gameObject.cpp,GameObject::onColliding(Collision *collision),5,5,3,1,0,0,0,0,
C:\Users\Arne Stenkrona\Source\Repos\Prototype\Prototype\Prototype\src\GameObject\gameObject.cpp,GameObject::onCollisionExit(),5,5,3,1,0,0,0,0,
C:\Users\Arne Stenkrona\Source\Repos\Prototype\Prototype\Prototype\src\GameObject\gameObject.cpp,GameObject::rayHit(RayCastHit * hit),5,5,3,1,0,0,0,0,
C:\Users\Arne Stenkrona\Source\Repos\Prototype\Prototype\Prototype\src\GameObject\gameObject.cpp,GameObject::setArgs(std::vector<double> _args),2,2,2,0,0,0,0,0,
C:\Users\Arne Stenkrona\Source\Repos\Prototype\Prototype\Prototype\src\GameObject\gameObject.cpp,GameObject::start(),5,5,3,1,0,0,0,0,
C:\Users\Arne Stenkrona\Source\Repos\Prototype\Prototype\Prototype\src\GameObject\gameObject.cpp,GameObject::onActivate(),5,5,3,1,0,0,0,0,
C:\Users\Arne Stenkrona\Source\Repos\Prototype\Prototype\Prototype\src\GameObject\gameObject.cpp,GameObject::onDeactivate(),5,5,3,1,0,0,0,0,
C:\Users\Arne Stenkrona\Source\Repos\Prototype\Prototype\Prototype\src\GameObject\gameObject.cpp,GameObject::update(),5,5,3,1,0,0,0,0,
C:\Users\Arne Stenkrona\Source\Repos\Prototype\Prototype\Prototype\src\GameObject\gameObject.cpp,GameObject::lateUpdate(),5,5,3,1,0,0,0,0,
C:\Users\Arne Stenkrona\Source\Repos\Prototype\Prototype\Prototype\src\GameObject\objectPool.cpp,ObjectPool::instantiate(std::string objectName),16,16,12,5,0,0,0,0,
C:\Users\Arne Stenkrona\Source\Repos\Prototype\Prototype\Prototype\src\GameObject\objectPool.cpp,"ObjectPool::instantiate(std::string objectName, std::vector<double> args)",7,6,5,2,1,0,0,0,
C:\Users\Arne Stenkrona\Source\Repos\Prototype\Prototype\Prototype\src\GameObject\objectPool.cpp,ObjectPool::repool(GameObject* obj),8,8,6,1,0,0,0,0,
C:\Users\Arne Stenkrona\Source\Repos\Prototype\Prototype\Prototype\src\GameObject\objectPool.cpp,"ObjectPool::addToPool(Prefabrication* obj, unsigned int amount)",6,6,5,1,0,0,0,0,
C:\Users\Arne Stenkrona\Source\Repos\Prototype\Prototype\Prototype\src\GameObject\objectPool.cpp,ObjectPool::clearFromPool(std::string objectName),2,2,2,0,0,0,0,0,
C:\Users\Arne Stenkrona\Source\Repos\Prototype\Prototype\Prototype\src\GameObject\gameObject.h,GameObject::getComponent(),14,12,8,6,2,0,0,0,
C:\Users\Arne Stenkrona\Source\Repos\Prototype\Prototype\Prototype\src\GameObject\gameObject.h,GameObject::addComponent(),16,10,9,3,6,0,0,0,
C:\Users\Arne Stenkrona\Source\Repos\Prototype\Prototype\Prototype\src\GameObject\gameObject.h,GameObject::removeComponent(),27,19,14,6,8,0,0,0,
C:\Users\Arne Stenkrona\Source\Repos\Prototype\Prototype\Prototype\src\GameObject\gameObject.h,GameObject::hasComponent(),12,11,7,5,1,0,0,0,
C:\Users\Arne Stenkrona\Source\Repos\Prototype\Prototype\Prototype\src\GameObject\Component\component.cpp,Component::Component(GameObject *_object),2,2,2,0,0,0,0,0,
C:\Users\Arne Stenkrona\Source\Repos\Prototype\Prototype\Prototype\src\GameObject\Component\component.cpp,Component::~Component(),1,1,1,0,0,0,0,0,
C:\Users\Arne Stenkrona\Source\Repos\Prototype\Prototype\Prototype\src\GameObject\Component\component.cpp,Component::start(),1,1,1,0,0,0,0,0,
C:\Users\Arne Stenkrona\Source\Repos\Prototype\Prototype\Prototype\src\GameObject\Component\component.cpp,Component::onActivate(),1,1,1,0,0,0,0,0,
C:\Users\Arne Stenkrona\Source\Repos\Prototype\Prototype\Prototype\src\GameObject\Component\component.cpp,Component::onDeactivate(),1,1,1,0,0,0,0,0,
C:\Users\Arne Stenkrona\Source\Repos\Prototype\Prototype\Prototype\src\GameObject\Component\component.cpp,Component::update(),1,1,1,0,0,0,0,0,
C:\Users\Arne Stenkrona\Source\Repos\Prototype\Prototype\Prototype\src\GameObject\Component\component.cpp,Component::lateUpdate(),1,1,1,0,0,0,0,0,
C:\Users\Arne Stenkrona\Source\Repos\Prototype\Prototype\Prototype\src\GameObject\Component\component.cpp,Component::updateComponents(),1,1,1,0,0,0,0,0,
C:\Users\Arne Stenkrona\Source\Repos\Prototype\Prototype\Prototype\src\GameObject\Component\component.cpp,Component::onCollisionEnter(Collision *collision),1,1,1,0,0,0,0,0,
C:\Users\Arne Stenkrona\Source\Repos\Prototype\Prototype\Prototype\src\GameObject\Component\component.cpp,Component::onColliding(Collision *collision),1,1,1,0,0,0,0,0,
C:\Users\Arne Stenkrona\Source\Repos\Prototype\Prototype\Prototype\src\GameObject\Component\component.cpp,Component::onCollisionExit(),1,1,1,0,0,0,0,0,
C:\Users\Arne Stenkrona\Source\Repos\Prototype\Prototype\Prototype\src\GameObject\Component\component.cpp,Component::rayHit(RayCastHit * hit),1,1,1,0,0,0,0,0,
C:\Users\Arne Stenkrona\Source\Repos\Prototype\Prototype\Prototype\src\GameObject\Component\component.h,Component::requireComponent(),5,5,4,2,0,0,0,0,
C:\Users\Arne Stenkrona\Source\Repos\Prototype\Prototype\Prototype\src\GameObject\Component\environment\material.cpp,Material::Material(GameObject * _object),1,1,1,0,0,0,0,0,
C:\Users\Arne Stenkrona\Source\Repos\Prototype\Prototype\Prototype\src\GameObject\Component\environment\material.cpp,Material::rayHit(RayCastHit* hit),3,3,2,1,0,0,0,0,
C:\Users\Arne Stenkrona\Source\Repos\Prototype\Prototype\Prototype\src\GameObject\Component\environment\material.cpp,Material::onCollisionEnter(Collision *collision),3,3,2,1,0,0,0,0,
C:\Users\Arne Stenkrona\Source\Repos\Prototype\Prototype\Prototype\src\GameObject\Component\gameplay\beam.cpp,Beam::Beam(GameObject * _object),2,2,2,0,0,0,0,0,
C:\Users\Arne Stenkrona\Source\Repos\Prototype\Prototype\Prototype\src\GameObject\Component\gameplay\beam.cpp,Beam::onActivate(),8,8,7,1,0,0,0,0,
C:\Users\Arne Stenkrona\Source\Repos\Prototype\Prototype\Prototype\src\GameObject\Component\gameplay\beam.cpp,Beam::start(),4,4,4,0,0,0,0,0,
C:\Users\Arne Stenkrona\Source\Repos\Prototype\Prototype\Prototype\src\GameObject\Component\gameplay\beam.cpp,Beam::update(),21,21,16,3,0,0,0,0,
C:\Users\Arne Stenkrona\Source\Repos\Prototype\Prototype\Prototype\src\GameObject\Component\gameplay\beam.cpp,Beam::updateComponents(),2,2,2,0,0,0,0,0,
C:\Users\Arne Stenkrona\Source\Repos\Prototype\Prototype\Prototype\src\GameObject\Component\gameplay\beam.cpp,"Beam::setPoints(Point a, Point b)",3,3,3,0,0,0,0,0,
C:\Users\Arne Stenkrona\Source\Repos\Prototype\Prototype\Prototype\src\GameObject\Component\gameplay\movement.cpp,Movement::Movement(GameObject *_object),5,5,5,0,0,0,0,0,
C:\Users\Arne Stenkrona\Source\Repos\Prototype\Prototype\Prototype\src\GameObject\Component\gameplay\movement.cpp,Movement::updateComponents(),5,5,5,0,0,0,0,0,
C:\Users\Arne Stenkrona\Source\Repos\Prototype\Prototype\Prototype\src\GameObject\Component\gameplay\movement.cpp,Movement::onCollisionEnter(Collision * collision),1,1,1,0,0,0,0,0,
C:\Users\Arne Stenkrona\Source\Repos\Prototype\Prototype\Prototype\src\GameObject\Component\gameplay\movement.cpp,Movement::onColliding(Collision *collision),1,1,1,0,0,0,0,0,
C:\Users\Arne Stenkrona\Source\Repos\Prototype\Prototype\Prototype\src\GameObject\Component\gameplay\movement.cpp,Movement::onCollisionExit(),1,1,1,0,0,0,0,0,
C:\Users\Arne Stenkrona\Source\Repos\Prototype\Prototype\Prototype\src\GameObject\Component\gameplay\movement.cpp,Movement::start(),1,1,1,0,0,0,0,0,
C:\Users\Arne Stenkrona\Source\Repos\Prototype\Prototype\Prototype\src\GameObject\Component\gameplay\movement.cpp,Movement::update(),77,58,38,19,12,1,7,30,
C:\Users\Arne Stenkrona\Source\Repos\Prototype\Prototype\Prototype\src\GameObject\Component\gameplay\splash.cpp,Splash::Splash(GameObject * _object),10,9,11,0,1,0,0,0,
C:\Users\Arne Stenkrona\Source\Repos\Prototype\Prototype\Prototype\src\GameObject\Component\gameplay\splash.cpp,Splash::start(),2,2,2,0,0,0,0,0,
C:\Users\Arne Stenkrona\Source\Repos\Prototype\Prototype\Prototype\src\GameObject\Component\gameplay\splash.cpp,Splash::onActivate(),9,9,8,1,0,0,0,0,
C:\Users\Arne Stenkrona\Source\Repos\Prototype\Prototype\Prototype\src\GameObject\Component\gameplay\splash.cpp,Splash::update(),6,6,5,1,0,0,0,0,
C:\Users\Arne Stenkrona\Source\Repos\Prototype\Prototype\Prototype\src\GameObject\Component\gameplay\splash.cpp,Splash::updateComponents(),6,6,6,0,0,0,0,0,
C:\Users\Arne Stenkrona\Source\Repos\Prototype\Prototype\Prototype\src\GameObject\Component\gameplay\splash.cpp,Splash::setClip(AnimationClip clip),3,3,3,0,0,0,0,0,
C:\Users\Arne Stenkrona\Source\Repos\Prototype\Prototype\Prototype\src\GameObject\Component\gameplay\weapon.cpp,Weapon::Weapon(GameObject * _object),13,12,16,0,1,1,0,7,
C:\Users\Arne Stenkrona\Source\Repos\Prototype\Prototype\Prototype\src\GameObject\Component\gameplay\weapon.cpp,Weapon::start(),3,3,3,0,0,0,0,0,
C:\Users\Arne Stenkrona\Source\Repos\Prototype\Prototype\Prototype\src\GameObject\Component\gameplay\weapon.cpp,Weapon::update(),1,1,1,0,0,0,0,0,
C:\Users\Arne Stenkrona\Source\Repos\Prototype\Prototype\Prototype\src\GameObject\Component\gameplay\weapon.cpp,Weapon::lateUpdate(),43,40,35,7,2,0,1,4,
C:\Users\Arne Stenkrona\Source\Repos\Prototype\Prototype\Prototype\src\GameObject\Component\gameplay\weapon.cpp,Weapon::updateComponents(),6,6,6,0,0,0,0,0,
C:\Users\Arne Stenkrona\Source\Repos\Prototype\Prototype\Prototype\src\GameObject\Component\gameplay\weapon.cpp,Weapon::setOwner(GameObject* owner),5,5,5,0,0,0,0,0,
C:\Users\Arne Stenkrona\Source\Repos\Prototype\Prototype\Prototype\src\GameObject\Component\gameplay\interactable\Container.cpp,Container::Container(GameObject * _object),12,10,10,0,2,0,0,0,
C:\Users\Arne Stenkrona\Source\Repos\Prototype\Prototype\Prototype\src\GameObject\Component\gameplay\interactable\Container.cpp,Container::updateComponents(),5,5,5,0,0,0,0,0,
C:\Users\Arne Stenkrona\Source\Repos\Prototype\Prototype\Prototype\src\GameObject\Component\gameplay\interactable\Container.cpp,Container::update(),1,1,1,0,0,0,0,0,
C:\Users\Arne Stenkrona\Source\Repos\Prototype\Prototype\Prototype\src\GameObject\Component\gameplay\interactable\Container.cpp,Container::rayHit(RayCastHit * hit),17,17,12,3,0,0,0,0,
C:\Users\Arne Stenkrona\Source\Repos\Prototype\Prototype\Prototype\src\GameObject\Component\gameplay\interactable\Door.cpp,Door::Door(GameObject * _object),4,4,4,0,0,0,0,0,
C:\Users\Arne Stenkrona\Source\Repos\Prototype\Prototype\Prototype\src\GameObject\Component\gameplay\interactable\Door.cpp,Door::updateComponents(),2,2,2,0,0,0,0,0,
C:\Users\Arne Stenkrona\Source\Repos\Prototype\Prototype\Prototype\src\GameObject\Component\gameplay\interactable\Door.cpp,Door::setPolygon(Polyshape p),2,2,2,0,0,0,0,0,
C:\Users\Arne Stenkrona\Source\Repos\Prototype\Prototype\Prototype\src\GameObject\Component\gameplay\interactable\Door.cpp,Door::onCollisionEnter(Collision * collision),2,2,2,0,0,0,0,0,
C:\Users\Arne Stenkrona\Source\Repos\Prototype\Prototype\Prototype\src\GameObject\Component\geometry\polygonCollider.cpp,PolygonCollider::PolygonCollider(GameObject * _object),9,5,5,0,2,0,2,10,
C:\Users\Arne Stenkrona\Source\Repos\Prototype\Prototype\Prototype\src\GameObject\Component\geometry\polygonCollider.cpp,PolygonCollider::~PolygonCollider(),3,3,3,0,0,0,0,0,
C:\Users\Arne Stenkrona\Source\Repos\Prototype\Prototype\Prototype\src\GameObject\Component\geometry\polygonCollider.cpp,PolygonCollider::start(),1,1,1,0,0,0,0,0,
C:\Users\Arne Stenkrona\Source\Repos\Prototype\Prototype\Prototype\src\GameObject\Component\geometry\polygonCollider.cpp,PolygonCollider::update(),1,1,1,0,0,0,0,0,
C:\Users\Arne Stenkrona\Source\Repos\Prototype\Prototype\Prototype\src\GameObject\Component\geometry\polygonCollider.cpp,PolygonCollider::updateComponents(),3,3,3,0,0,0,0,0,
C:\Users\Arne Stenkrona\Source\Repos\Prototype\Prototype\Prototype\src\GameObject\Component\geometry\polygonCollider.cpp,PolygonCollider::setPolygon(Polyshape _polygon),2,2,2,0,0,0,0,0,
C:\Users\Arne Stenkrona\Source\Repos\Prototype\Prototype\Prototype\src\GameObject\Component\geometry\polygonCollider.cpp,"PolygonCollider::calculateCollision(PolygonCollider * a, set<PolygonCollider*>* B)",89,67,51,18,11,1,11,87,
C:\Users\Arne Stenkrona\Source\Repos\Prototype\Prototype\Prototype\src\GameObject\Component\geometry\polygonCollider.cpp,"LineSegementsIntersect(Point p, Point p2, Point q, Point q2, Point *intersection, bool considerCollinearOverlapAsIntersect = false)",45,22,15,10,9,0,14,207,
C:\Users\Arne Stenkrona\Source\Repos\Prototype\Prototype\Prototype\src\GameObject\Component\geometry\polygonCollider.cpp,"PolygonCollider::checkRayCast(Point a, Point b, set<PolygonCollider*> colliders, std::string message)",44,35,30,8,5,0,4,21,
C:\Users\Arne Stenkrona\Source\Repos\Prototype\Prototype\Prototype\src\GameObject\Component\geometry\polygonCollider.cpp,PolygonCollider::addToMask(unsigned int maskLayer),2,2,2,0,0,0,0,0,
C:\Users\Arne Stenkrona\Source\Repos\Prototype\Prototype\Prototype\src\GameObject\Component\geometry\polygonCollider.cpp,PolygonCollider::removeFromMask(unsigned int maskLayer),2,2,2,0,0,0,0,0,
C:\Users\Arne Stenkrona\Source\Repos\Prototype\Prototype\Prototype\src\GameObject\Component\geometry\polygonCollider.cpp,"PolygonCollider::checkCollision(PolygonCollider *colA, PolygonCollider *colB, Point & _collisionNormal, double & _collisionTime)",70,49,39,15,13,1,8,42,
C:\Users\Arne Stenkrona\Source\Repos\Prototype\Prototype\Prototype\src\GameObject\Component\geometry\polygonCollider.cpp,"PolygonCollider::findMTD(Point* xAxis, double* tAxis, int iNumAxes, Point& N, double& t)",43,30,23,9,10,0,3,12,
C:\Users\Arne Stenkrona\Source\Repos\Prototype\Prototype\Prototype\src\GameObject\Component\geometry\polygonCollider.cpp,"PolygonCollider::getInterval(const Point * axVertices, int iNumVertices, const Point & xAxis, double & min, double & max)",8,7,5,2,1,0,0,0,
C:\Users\Arne Stenkrona\Source\Repos\Prototype\Prototype\Prototype\src\GameObject\Component\geometry\polygonCollider.cpp,"PolygonCollider::intervalIntersect(const Point * A, int Anum, const Point * B, int Bnum, const Point & xAxis, const Point & xOffset, const Point & xVel, double & taxis, double tmax)",44,32,27,8,8,5,4,61,
C:\Users\Arne Stenkrona\Source\Repos\Prototype\Prototype\Prototype\src\GameObject\Component\geometry\polygonCollider.cpp,PolygonCollider::relativeVelocity(PolygonCollider *other) const,7,5,5,4,2,0,0,0,
C:\Users\Arne Stenkrona\Source\Repos\Prototype\Prototype\Prototype\src\GameObject\Component\geometry\polygonCollider.cpp,PolygonCollider::setActive(bool b),2,2,2,0,0,0,0,0,
C:\Users\Arne Stenkrona\Source\Repos\Prototype\Prototype\Prototype\src\GameObject\Component\geometry\polygonCollider.cpp,PolygonCollider::setStatic(bool b),2,2,2,0,0,0,0,0,
C:\Users\Arne Stenkrona\Source\Repos\Prototype\Prototype\Prototype\src\GameObject\Component\geometry\position.cpp,Position::Position(GameObject *_object),1,1,1,0,0,0,0,0,
C:\Users\Arne Stenkrona\Source\Repos\Prototype\Prototype\Prototype\src\GameObject\Component\geometry\position.cpp,"Position::Position(GameObject *_object, Point _position)",1,1,1,0,0,0,0,0,
C:\Users\Arne Stenkrona\Source\Repos\Prototype\Prototype\Prototype\src\GameObject\Component\geometry\rotation.cpp,Rotation::Rotation(GameObject * _object),1,1,1,0,0,0,0,0,
C:\Users\Arne Stenkrona\Source\Repos\Prototype\Prototype\Prototype\src\GameObject\Component\geometry\velocity.cpp,Velocity::Velocity(GameObject * _object),3,2,2,0,1,0,0,0,
C:\Users\Arne Stenkrona\Source\Repos\Prototype\Prototype\Prototype\src\GameObject\Component\geometry\velocity.cpp,Velocity::updateComponents(),2,2,2,0,0,0,0,0,
C:\Users\Arne Stenkrona\Source\Repos\Prototype\Prototype\Prototype\src\GameObject\Component\geometry\velocity.cpp,Velocity::start(),1,1,1,0,0,0,0,0,
C:\Users\Arne Stenkrona\Source\Repos\Prototype\Prototype\Prototype\src\GameObject\Component\geometry\velocity.cpp,Velocity::update(),2,2,2,0,0,0,0,0,
C:\Users\Arne Stenkrona\Source\Repos\Prototype\Prototype\Prototype\src\GameObject\Component\graphics\animator.cpp,Animator::Animator(GameObject * _object),2,2,2,0,0,0,0,0,
C:\Users\Arne Stenkrona\Source\Repos\Prototype\Prototype\Prototype\src\GameObject\Component\graphics\animator.cpp,Animator::start(),1,1,1,0,0,0,0,0,
C:\Users\Arne Stenkrona\Source\Repos\Prototype\Prototype\Prototype\src\GameObject\Component\graphics\animator.cpp,Animator::update(),25,20,13,6,2,0,3,8,
C:\Users\Arne Stenkrona\Source\Repos\Prototype\Prototype\Prototype\src\GameObject\Component\graphics\animator.cpp,Animator::updateComponents(),2,2,2,0,0,0,0,0,
C:\Users\Arne Stenkrona\Source\Repos\Prototype\Prototype\Prototype\src\GameObject\Component\graphics\animator.cpp,Animator::addClip(AnimationClip clip),2,2,2,0,0,0,0,0,
C:\Users\Arne Stenkrona\Source\Repos\Prototype\Prototype\Prototype\src\GameObject\Component\graphics\animator.cpp,Animator::removeClip(string name),2,2,2,0,0,0,0,0,
C:\Users\Arne Stenkrona\Source\Repos\Prototype\Prototype\Prototype\src\GameObject\Component\graphics\animator.cpp,Animator::setSpeedFactor(double factor),2,2,2,0,0,0,0,0,
C:\Users\Arne Stenkrona\Source\Repos\Prototype\Prototype\Prototype\src\GameObject\Component\graphics\animator.cpp,"Animator::playClip(string clipName, bool transition, bool restart)",12,10,8,2,2,0,0,0,
C:\Users\Arne Stenkrona\Source\Repos\Prototype\Prototype\Prototype\src\GameObject\Component\graphics\animator.cpp,Animator::playQueued(),9,9,8,1,0,0,0,0,
C:\Users\Arne Stenkrona\Source\Repos\Prototype\Prototype\Prototype\src\GameObject\Component\graphics\camera.cpp,Camera::Camera(GameObject * _object),2,2,2,0,0,0,0,0,
C:\Users\Arne Stenkrona\Source\Repos\Prototype\Prototype\Prototype\src\GameObject\Component\graphics\camera.cpp,Camera::start(),1,1,1,0,0,0,0,0,
C:\Users\Arne Stenkrona\Source\Repos\Prototype\Prototype\Prototype\src\GameObject\Component\graphics\camera.cpp,Camera::lateUpdate(),36,28,21,3,8,0,0,0,
C:\Users\Arne Stenkrona\Source\Repos\Prototype\Prototype\Prototype\src\GameObject\Component\graphics\camera.cpp,Camera::updateComponents(),6,2,2,0,1,0,3,9,
C:\Users\Arne Stenkrona\Source\Repos\Prototype\Prototype\Prototype\src\GameObject\Component\graphics\camera.cpp,Camera::setTarget(GameObject *targetObject),4,4,4,0,0,0,0,0,
C:\Users\Arne Stenkrona\Source\Repos\Prototype\Prototype\Prototype\src\GameObject\Component\graphics\lineRenderer.cpp,LineRenderer::LineRenderer(GameObject * _object),1,1,1,0,0,0,0,0,
C:\Users\Arne Stenkrona\Source\Repos\Prototype\Prototype\Prototype\src\GameObject\Component\graphics\lineRenderer.cpp,LineRenderer::render(),23,22,18,3,0,0,1,5,
C:\Users\Arne Stenkrona\Source\Repos\Prototype\Prototype\Prototype\src\GameObject\Component\graphics\lineRenderer.cpp,"LineRenderer::setColor(unsigned char _r, unsigned char _g, unsigned char _b, unsigned char _a)",5,5,5,0,0,0,0,0,
C:\Users\Arne Stenkrona\Source\Repos\Prototype\Prototype\Prototype\src\GameObject\Component\graphics\renderer.cpp,Renderer::Renderer(GameObject * _object),1,1,1,0,0,0,0,0,
C:\Users\Arne Stenkrona\Source\Repos\Prototype\Prototype\Prototype\src\GameObject\Component\graphics\renderer.cpp,Renderer::~Renderer(),2,2,2,0,0,0,0,0,
C:\Users\Arne Stenkrona\Source\Repos\Prototype\Prototype\Prototype\src\GameObject\Component\graphics\renderer.cpp,Renderer::onActivate(),2,2,2,0,0,0,0,0,
C:\Users\Arne Stenkrona\Source\Repos\Prototype\Prototype\Prototype\src\GameObject\Component\graphics\renderer.cpp,Renderer::onDeactivate(),2,2,2,0,0,0,0,0,
C:\Users\Arne Stenkrona\Source\Repos\Prototype\Prototype\Prototype\src\GameObject\Component\graphics\renderer.cpp,Renderer::start(),1,1,1,0,0,0,0,0,
C:\Users\Arne Stenkrona\Source\Repos\Prototype\Prototype\Prototype\src\GameObject\Component\graphics\renderer.cpp,Renderer::update(),1,1,1,0,0,0,0,0,
C:\Users\Arne Stenkrona\Source\Repos\Prototype\Prototype\Prototype\src\GameObject\Component\graphics\renderer.cpp,Renderer::setRenderLayer(unsigned int layer),4,4,4,0,0,0,0,0,
C:\Users\Arne Stenkrona\Source\Repos\Prototype\Prototype\Prototype\src\GameObject\Component\graphics\renderer.cpp,Renderer::setCamera(GameObject * _camera),8,8,6,1,0,0,0,0,
C:\Users\Arne Stenkrona\Source\Repos\Prototype\Prototype\Prototype\src\GameObject\Component\graphics\renderer.cpp,Renderer::render(),1,1,1,0,0,0,0,0,
C:\Users\Arne Stenkrona\Source\Repos\Prototype\Prototype\Prototype\src\GameObject\Component\graphics\sprite.cpp,Sprite::Sprite(GameObject * _object),2,2,2,0,0,0,0,0,
C:\Users\Arne Stenkrona\Source\Repos\Prototype\Prototype\Prototype\src\GameObject\Component\graphics\sprite.cpp,Sprite::update(),1,1,1,0,0,0,0,0,
C:\Users\Arne Stenkrona\Source\Repos\Prototype\Prototype\Prototype\src\GameObject\Component\graphics\sprite.cpp,Sprite::setTileIndex(int i),2,2,2,0,0,0,0,0,
C:\Users\Arne Stenkrona\Source\Repos\Prototype\Prototype\Prototype\src\GameObject\Component\graphics\sprite.cpp,"Sprite::setWidthHeight(int width, int height)",4,3,3,2,1,0,0,0,
C:\Users\Arne Stenkrona\Source\Repos\Prototype\Prototype\Prototype\src\GameObject\Component\graphics\sprite.cpp,"Sprite::renderSprite(int x, int y)",3,2,2,0,1,0,0,0,
C:\Users\Arne Stenkrona\Source\Repos\Prototype\Prototype\Prototype\src\GameObject\Component\graphics\sprite.cpp,"Sprite::renderSprite(int x, int y, double rotation, Point pivot)",5,5,3,1,0,0,0,0,
C:\Users\Arne Stenkrona\Source\Repos\Prototype\Prototype\Prototype\src\GameObject\Component\graphics\sprite.cpp,"Sprite::setRenderOffset(int x, int y)",3,3,3,0,0,0,0,0,
C:\Users\Arne Stenkrona\Source\Repos\Prototype\Prototype\Prototype\src\GameObject\Component\graphics\sprite.cpp,"Sprite::setMirror(bool horizontal, bool vertical)",3,3,3,0,0,0,0,0,
C:\Users\Arne Stenkrona\Source\Repos\Prototype\Prototype\Prototype\src\GameObject\Component\graphics\sprite.cpp,Sprite::rayHit(RayCastHit * hit),1,1,1,0,0,0,0,0,
C:\Users\Arne Stenkrona\Source\Repos\Prototype\Prototype\Prototype\src\GameObject\Component\graphics\spriteRenderer.cpp,SpriteRenderer::SpriteRenderer(GameObject *_object),4,4,4,0,0,0,0,0,
C:\Users\Arne Stenkrona\Source\Repos\Prototype\Prototype\Prototype\src\GameObject\Component\graphics\spriteRenderer.cpp,SpriteRenderer::updateComponents(),9,4,4,0,2,0,3,9,
C:\Users\Arne Stenkrona\Source\Repos\Prototype\Prototype\Prototype\src\GameObject\Component\graphics\spriteRenderer.cpp,SpriteRenderer::render(),11,10,7,2,0,0,1,5,
C:\Users\Arne Stenkrona\Source\Repos\Prototype\Prototype\Prototype\src\GameObject\Prefabrications\prefabrication.cpp,Prefabrication::Prefabrication(std::string _name),1,1,1,0,0,0,0,0,
C:\Users\Arne Stenkrona\Source\Repos\Prototype\Prototype\Prototype\src\GameObject\Prefabrications\prefabrication.cpp,Prefabrication::instantiate() const,2,2,2,1,0,0,0,0,
C:\Users\Arne Stenkrona\Source\Repos\Prototype\Prototype\Prototype\src\GameObject\Prefabrications\prefabrications.cpp,Character::Character(),1,1,1,0,0,0,0,0,
C:\Users\Arne Stenkrona\Source\Repos\Prototype\Prototype\Prototype\src\GameObject\Prefabrications\prefabrications.cpp,Character::instantiate() const,17,15,20,1,2,0,0,0,
C:\Users\Arne Stenkrona\Source\Repos\Prototype\Prototype\Prototype\src\GameObject\Prefabrications\prefabrications.cpp,MuzzleFlash::MuzzleFlash(),1,1,1,0,0,0,0,0,
C:\Users\Arne Stenkrona\Source\Repos\Prototype\Prototype\Prototype\src\GameObject\Prefabrications\prefabrications.cpp,MuzzleFlash::instantiate() const,6,6,6,1,0,1,0,7,
C:\Users\Arne Stenkrona\Source\Repos\Prototype\Prototype\Prototype\src\GameObject\Prefabrications\prefabrications.cpp,Shrapnel::Shrapnel(),1,1,1,0,0,0,0,0,
C:\Users\Arne Stenkrona\Source\Repos\Prototype\Prototype\Prototype\src\GameObject\Prefabrications\prefabrications.cpp,Shrapnel::instantiate() const,6,6,7,1,0,1,0,7,
C:\Users\Arne Stenkrona\Source\Repos\Prototype\Prototype\Prototype\src\GameObject\Prefabrications\prefabrications.cpp,LaserBeam::LaserBeam(),1,1,1,0,0,0,0,0,
C:\Users\Arne Stenkrona\Source\Repos\Prototype\Prototype\Prototype\src\GameObject\Prefabrications\prefabrications.cpp,LaserBeam::instantiate() const,4,4,4,1,0,0,0,0,
C:\Users\Arne Stenkrona\Source\Repos\Prototype\Prototype\Prototype\src\GameObject\Prefabrications\prefabrications.cpp,GlassContainer::GlassContainer(),1,1,1,0,0,0,0,0,
C:\Users\Arne Stenkrona\Source\Repos\Prototype\Prototype\Prototype\src\GameObject\Prefabrications\prefabrications.cpp,GlassContainer::instantiate() const,4,4,4,1,0,0,0,0,
C:\Users\Arne Stenkrona\Source\Repos\Prototype\Prototype\Prototype\src\GameObject\Prefabrications\prefabrications.cpp,DoorPrefab::DoorPrefab(),1,1,1,0,0,0,0,0,
C:\Users\Arne Stenkrona\Source\Repos\Prototype\Prototype\Prototype\src\GameObject\Prefabrications\prefabrications.cpp,DoorPrefab::instantiate() const,4,4,4,1,0,0,0,0,
C:\Users\Arne Stenkrona\Source\Repos\Prototype\Prototype\Prototype\src\main\Prototype.cpp,init(),2,2,2,1,0,0,0,0,
C:\Users\Arne Stenkrona\Source\Repos\Prototype\Prototype\Prototype\src\main\Prototype.cpp,close(),2,2,2,0,0,0,0,0,
C:\Users\Arne Stenkrona\Source\Repos\Prototype\Prototype\Prototype\src\main\Prototype.cpp,"main(int argc, char *args[])",14,14,10,3,0,0,0,0,
C:\Users\Arne Stenkrona\Source\Repos\Prototype\Prototype\Prototype\src\math\lTimer.cpp,LTimer::LTimer(),7,5,5,0,1,0,1,3,
C:\Users\Arne Stenkrona\Source\Repos\Prototype\Prototype\Prototype\src\math\lTimer.cpp,getCurrentMicroSeconds(),3,3,3,1,0,0,0,0,
C:\Users\Arne Stenkrona\Source\Repos\Prototype\Prototype\Prototype\src\math\lTimer.cpp,LTimer::start(),10,5,5,0,2,0,3,11,
C:\Users\Arne Stenkrona\Source\Repos\Prototype\Prototype\Prototype\src\math\lTimer.cpp,LTimer::stop(),10,5,5,0,2,0,3,9,
C:\Users\Arne Stenkrona\Source\Repos\Prototype\Prototype\Prototype\src\math\lTimer.cpp,LTimer::pause(),11,7,5,1,1,0,3,16,
C:\Users\Arne Stenkrona\Source\Repos\Prototype\Prototype\Prototype\src\math\lTimer.cpp,LTimer::unpause(),13,7,5,1,2,0,4,18,
C:\Users\Arne Stenkrona\Source\Repos\Prototype\Prototype\Prototype\src\math\lTimer.cpp,LTimer::getMicroSeconds(),21,14,8,3,2,0,5,32,
C:\Users\Arne Stenkrona\Source\Repos\Prototype\Prototype\Prototype\src\math\lTimer.cpp,LTimer::isStarted(),3,2,2,1,0,0,1,7,
C:\Users\Arne Stenkrona\Source\Repos\Prototype\Prototype\Prototype\src\math\lTimer.cpp,LTimer::isPaused(),3,2,2,1,0,0,1,5,
C:\Users\Arne Stenkrona\Source\Repos\Prototype\Prototype\Prototype\src\math\point.cpp,Point::Point(),2,1,1,0,1,0,0,0,
C:\Users\Arne Stenkrona\Source\Repos\Prototype\Prototype\Prototype\src\math\point.cpp,"Point::Point(double _x, double _y)",2,1,1,0,1,0,0,0,
C:\Users\Arne Stenkrona\Source\Repos\Prototype\Prototype\Prototype\src\math\point.cpp,Point::operator+(const Point &other) const,4,4,4,1,0,0,0,0,
C:\Users\Arne Stenkrona\Source\Repos\Prototype\Prototype\Prototype\src\math\point.cpp,Point::operator+=(const Point &other),5,4,4,1,1,0,0,0,
C:\Users\Arne Stenkrona\Source\Repos\Prototype\Prototype\Prototype\src\math\point.cpp,Point::operator-(const Point &other) const,4,4,4,1,0,0,0,0,
C:\Users\Arne Stenkrona\Source\Repos\Prototype\Prototype\Prototype\src\math\point.cpp,Point::operator-=(const Point &other),5,4,4,1,1,0,0,0,
C:\Users\Arne Stenkrona\Source\Repos\Prototype\Prototype\Prototype\src\math\point.cpp,Point::operator*(const Point &other) const,4,4,4,1,0,0,0,0,
C:\Users\Arne Stenkrona\Source\Repos\Prototype\Prototype\Prototype\src\math\point.cpp,Point::operator*=(const Point &other),4,4,4,1,0,0,0,0,
C:\Users\Arne Stenkrona\Source\Repos\Prototype\Prototype\Prototype\src\math\point.cpp,Point::operator*(const double &other) const,4,4,4,1,0,0,0,0,
C:\Users\Arne Stenkrona\Source\Repos\Prototype\Prototype\Prototype\src\math\point.cpp,Point::operator*=(const double &other),5,4,4,1,1,0,0,0,
C:\Users\Arne Stenkrona\Source\Repos\Prototype\Prototype\Prototype\src\math\point.cpp,"operator<<(std::ostream & os, const Point & p)",3,3,3,1,0,0,0,0,
C:\Users\Arne Stenkrona\Source\Repos\Prototype\Prototype\Prototype\src\math\point.cpp,Point::magnitude() const,2,2,2,1,0,0,0,0,
C:\Users\Arne Stenkrona\Source\Repos\Prototype\Prototype\Prototype\src\math\point.cpp,Point::normalized() const,8,8,6,3,0,0,0,0,
C:\Users\Arne Stenkrona\Source\Repos\Prototype\Prototype\Prototype\src\math\point.cpp,"Point::rotate(double angle, Point pivot)",17,11,11,1,3,0,3,10,
C:\Users\Arne Stenkrona\Source\Repos\Prototype\Prototype\Prototype\src\math\point.cpp,Point::distanceTo(const Point &other) const,2,2,2,1,0,0,0,0,
C:\Users\Arne Stenkrona\Source\Repos\Prototype\Prototype\Prototype\src\math\point.cpp,Point::dot(const Point & other) const,2,2,2,1,0,0,0,0,
C:\Users\Arne Stenkrona\Source\Repos\Prototype\Prototype\Prototype\src\math\point.cpp,Point::cross(const Point & other) const,2,2,2,1,0,0,0,0,
C:\Users\Arne Stenkrona\Source\Repos\Prototype\Prototype\Prototype\src\math\point.cpp,radToDeg(float rad),1,1,1,0,0,0,0,0,
C:\Users\Arne Stenkrona\Source\Repos\Prototype\Prototype\Prototype\src\math\point.cpp,Point::toAngle() const,3,3,3,2,0,0,0,0,
C:\Users\Arne Stenkrona\Source\Repos\Prototype\Prototype\Prototype\src\math\point.cpp,Point::toString() const,2,2,2,1,0,0,0,0,
C:\Users\Arne Stenkrona\Source\Repos\Prototype\Prototype\Prototype\src\math\polygon.cpp,Polyshape::~Polyshape(),2,2,2,0,0,0,0,0,
C:\Users\Arne Stenkrona\Source\Repos\Prototype\Prototype\Prototype\src\math\polygon.cpp,Polyshape::distanceTo(Point p),19,18,14,4,1,0,0,0,
C:\Users\Arne Stenkrona\Source\Repos\Prototype\Prototype\Prototype\src\math\polygon.cpp,Polyshape::geometricCenter(),9,8,7,2,1,0,0,0,
C:\Users\Arne Stenkrona\Source\Repos\Prototype\Prototype\Prototype\src\math\polygon.cpp,Polyshape::center(),15,12,11,2,3,0,0,0,
C:\Users\Arne Stenkrona\Source\Repos\Prototype\Prototype\Prototype\src\math\polygon.cpp,Polyshape::getEffectiveOrigin(),2,2,2,1,0,0,0,0,
C:\Users\Arne Stenkrona\Source\Repos\Prototype\Prototype\Prototype\src\math\polygon.cpp,"Polyshape::rotate(double angle, Point pivot)",8,6,5,2,2,0,0,0,
C:\Users\Arne Stenkrona\Source\Repos\Prototype\Prototype\Prototype\src\math\polygon.cpp,"Polyshape::mirror(bool horizontal, bool vertical, Point offset)",11,9,6,4,2,0,0,0,
C:\Users\Arne Stenkrona\Source\Repos\Prototype\Prototype\Prototype\src\math\polygon.cpp,Polyshape::parsePolygon(std::string s),23,19,16,4,4,0,0,0,
C:\Users\Arne Stenkrona\Source\Repos\Prototype\Prototype\Prototype\src\math\polygon.cpp,"Polyshape::renderPolygon(int x, int y, Color color)",12,11,8,1,0,0,1,12,
C:\Users\Arne Stenkrona\Source\Repos\Prototype\Prototype\Prototype\src\math\polygon.cpp,Polyshape::toString(),9,7,6,2,2,0,0,0,
C:\Users\Arne Stenkrona\Source\Repos\Prototype\Prototype\Prototype\src\math\polygon.cpp,Polyshape::setDimensions(),22,20,15,5,2,0,0,0,
C:\Users\Arne Stenkrona\Source\Repos\Prototype\Prototype\Prototype\src\math\rectangle.cpp,"Rectangular::Rectangular(Point a, double _width, double _height)",10,7,7,0,3,0,0,0,
C:\Users\Arne Stenkrona\Source\Repos\Prototype\Prototype\Prototype\src\math\rectangle.cpp,"Rectangular::Rectangular(Point a, Point b, Point c, Point d)",9,7,7,0,2,0,0,0,
C:\Users\Arne Stenkrona\Source\Repos\Prototype\Prototype\Prototype\src\math\triangle.cpp,"Triangle::Triangle(Point a, Point b, Point c)",8,6,6,0,2,0,0,0,
C:\Users\Arne Stenkrona\Source\Repos\Prototype\Prototype\Prototype\src\math\point.h,"operator*(double d, const Point& p)",4,4,4,1,0,0,0,0,
C:\Users\Arne Stenkrona\Source\Repos\Prototype\Prototype\Prototype\src\System\game\gameLogic.cpp,GameLogic::getRoom(),3,2,2,1,0,0,1,2,
C:\Users\Arne Stenkrona\Source\Repos\Prototype\Prototype\Prototype\src\System\game\gameLogic.cpp,GameLogic::queueRoom(Room * room),2,2,2,0,0,0,0,0,
C:\Users\Arne Stenkrona\Source\Repos\Prototype\Prototype\Prototype\src\System\game\gameLogic.cpp,GameLogic::setRoom(),5,5,5,0,0,0,0,0,
C:\Users\Arne Stenkrona\Source\Repos\Prototype\Prototype\Prototype\src\System\game\gameLogic.cpp,GameLogic::updateGameLoop(),8,8,8,0,0,0,0,0,
C:\Users\Arne Stenkrona\Source\Repos\Prototype\Prototype\Prototype\src\System\game\gameLogic.cpp,GameLogic::drawBackground(),4,4,3,1,0,0,0,0,
C:\Users\Arne Stenkrona\Source\Repos\Prototype\Prototype\Prototype\src\System\game\gameLogic.cpp,GameLogic::closeGameLogic(),4,4,4,0,0,0,0,0,
C:\Users\Arne Stenkrona\Source\Repos\Prototype\Prototype\Prototype\src\System\game\gameLogic.cpp,GameLogic::setScene(),4,4,4,0,0,0,0,0,
C:\Users\Arne Stenkrona\Source\Repos\Prototype\Prototype\Prototype\src\System\game\gameLogic.cpp,GameLogic::closeScene(),3,3,3,0,0,0,0,0,
C:\Users\Arne Stenkrona\Source\Repos\Prototype\Prototype\Prototype\src\System\game\gameLogic.cpp,GameLogic::gameLoop(),48,30,25,4,8,0,10,38,
C:\Users\Arne Stenkrona\Source\Repos\Prototype\Prototype\Prototype\src\System\game\scene\scene.cpp,Scene::Scene(),1,1,1,0,0,0,0,0,
C:\Users\Arne Stenkrona\Source\Repos\Prototype\Prototype\Prototype\src\System\game\scene\scene.cpp,Scene::~Scene(),3,3,3,0,0,0,0,0,
C:\Users\Arne Stenkrona\Source\Repos\Prototype\Prototype\Prototype\src\System\game\scene\scene.cpp,Scene::setUpScene(),4,3,3,0,0,0,1,2,
C:\Users\Arne Stenkrona\Source\Repos\Prototype\Prototype\Prototype\src\System\game\scene\scene.cpp,Scene::setRoom(Room *room),11,9,8,1,1,0,1,10,
C:\Users\Arne Stenkrona\Source\Repos\Prototype\Prototype\Prototype\src\System\game\scene\debug_scenes\debug_scene0.cpp,Debug_scene0::Debug_scene0(),1,1,1,0,0,0,0,0,
C:\Users\Arne Stenkrona\Source\Repos\Prototype\Prototype\Prototype\src\System\game\scene\debug_scenes\debug_scene0.cpp,Debug_scene0::~Debug_scene0(),1,1,1,0,0,0,0,0,
C:\Users\Arne Stenkrona\Source\Repos\Prototype\Prototype\Prototype\src\System\game\scene\debug_scenes\debug_scene0.cpp,Debug_scene0::setUpScene(),19,11,11,0,5,0,3,13,
C:\Users\Arne Stenkrona\Source\Repos\Prototype\Prototype\Prototype\src\System\graphics\graphicsEngine.cpp,GraphicsEngine::initSDL(),18,14,10,5,2,0,2,4,
C:\Users\Arne Stenkrona\Source\Repos\Prototype\Prototype\Prototype\src\System\graphics\graphicsEngine.cpp,GraphicsEngine::initializeGraphicsEngine(),2,2,2,1,0,0,0,0,
C:\Users\Arne Stenkrona\Source\Repos\Prototype\Prototype\Prototype\src\System\graphics\graphicsEngine.cpp,GraphicsEngine::createGameWindow(),5,5,5,1,0,0,0,0,
C:\Users\Arne Stenkrona\Source\Repos\Prototype\Prototype\Prototype\src\System\graphics\graphicsEngine.cpp,GraphicsEngine::createEditorWindow(Editor *editor),8,8,6,1,0,0,0,0,
C:\Users\Arne Stenkrona\Source\Repos\Prototype\Prototype\Prototype\src\System\graphics\graphicsEngine.cpp,"GraphicsEngine::addToRenderQueue(Renderer *r, int layer)",3,3,3,1,0,0,0,0,
C:\Users\Arne Stenkrona\Source\Repos\Prototype\Prototype\Prototype\src\System\graphics\graphicsEngine.cpp,"GraphicsEngine::removeFromRenderQueue(Renderer * r, int layer)",3,3,2,1,0,0,0,0,
C:\Users\Arne Stenkrona\Source\Repos\Prototype\Prototype\Prototype\src\System\graphics\graphicsEngine.cpp,GraphicsEngine::getActiveRenderer(),2,2,2,1,0,0,0,0,
C:\Users\Arne Stenkrona\Source\Repos\Prototype\Prototype\Prototype\src\System\graphics\graphicsEngine.cpp,GraphicsEngine::clearWindow(),2,2,2,0,0,0,0,0,
C:\Users\Arne Stenkrona\Source\Repos\Prototype\Prototype\Prototype\src\System\graphics\graphicsEngine.cpp,GraphicsEngine::renderGraphics(),8,8,6,2,0,0,0,0,
C:\Users\Arne Stenkrona\Source\Repos\Prototype\Prototype\Prototype\src\System\graphics\graphicsEngine.cpp,GraphicsEngine::closeGraphicsEngine(),4,3,3,0,0,0,1,3,
C:\Users\Arne Stenkrona\Source\Repos\Prototype\Prototype\Prototype\src\System\graphics\lTexture.cpp,LTexture::LTexture(),1,1,1,0,0,0,0,0,
C:\Users\Arne Stenkrona\Source\Repos\Prototype\Prototype\Prototype\src\System\graphics\lTexture.cpp,LTexture::~LTexture(),3,2,2,0,0,0,1,1,
C:\Users\Arne Stenkrona\Source\Repos\Prototype\Prototype\Prototype\src\System\graphics\lTexture.cpp,"LTexture::loadFromFile(std::string path, SDL_Renderer* renderer)",40,26,18,3,6,0,8,32,
C:\Users\Arne Stenkrona\Source\Repos\Prototype\Prototype\Prototype\src\System\graphics\lTexture.cpp,"LTexture::createBlank(int width, int height, SDL_Renderer* renderer, SDL_TextureAccess access)",14,12,8,2,1,0,1,3,
C:\Users\Arne Stenkrona\Source\Repos\Prototype\Prototype\Prototype\src\System\graphics\lTexture.cpp,LTexture::setAsRenderTarget(SDL_Renderer* renderer),3,2,2,0,0,0,1,4,
C:\Users\Arne Stenkrona\Source\Repos\Prototype\Prototype\Prototype\src\System\graphics\lTexture.cpp,LTexture::free(),9,8,6,1,0,0,1,5,
C:\Users\Arne Stenkrona\Source\Repos\Prototype\Prototype\Prototype\src\System\graphics\lTexture.cpp,"LTexture::render(int x, int y)",4,3,4,0,0,0,1,7,
C:\Users\Arne Stenkrona\Source\Repos\Prototype\Prototype\Prototype\src\System\graphics\lTexture.cpp,"LTexture::renderEx(int x, int y, SDL_Rect * clip, double angle, SDL_Point * center, SDL_RendererFlip flip)",13,7,7,1,3,0,3,14,
C:\Users\Arne Stenkrona\Source\Repos\Prototype\Prototype\Prototype\src\System\graphics\lTexture.cpp,"LTexture::renderTile(int x, int y, int tileIndex, int widthFactor, int heightFactor, bool mirrorH, bool mirrorV, double rotation, int pivotX, int pivotY, Color color, bool scaleIndices) const",27,21,16,2,4,0,2,7,
C:\Users\Arne Stenkrona\Source\Repos\Prototype\Prototype\Prototype\src\System\graphics\lTexture.cpp,"LTexture::renderText(int x, int y, std::string text) const",8,8,9,1,0,0,0,0,
C:\Users\Arne Stenkrona\Source\Repos\Prototype\Prototype\Prototype\src\System\graphics\lTexture.cpp,"LTexture::renderText(int x, int y, std::string text, Color color) const",4,4,4,0,0,0,0,0,
C:\Users\Arne Stenkrona\Source\Repos\Prototype\Prototype\Prototype\src\System\graphics\lTexture.cpp,"LTexture::renderTileEx(int x, int y, SDL_Rect * clip, double angle, SDL_Point * center, SDL_RendererFlip flip, SDL_Rect * tileQuad)",13,7,7,1,3,0,3,9,
C:\Users\Arne Stenkrona\Source\Repos\Prototype\Prototype\Prototype\src\System\graphics\lTexture.cpp,"LTexture::renderCenter(int x, int y)",4,3,4,0,0,0,1,7,
C:\Users\Arne Stenkrona\Source\Repos\Prototype\Prototype\Prototype\src\System\graphics\parallaxBackground.cpp,ParallaxBackground::ParallaxBackground(Point _origin),1,1,1,0,0,0,0,0,
C:\Users\Arne Stenkrona\Source\Repos\Prototype\Prototype\Prototype\src\System\graphics\parallaxBackground.cpp,ParallaxBackground::~ParallaxBackground(),2,2,2,0,0,0,0,0,
C:\Users\Arne Stenkrona\Source\Repos\Prototype\Prototype\Prototype\src\System\graphics\parallaxBackground.cpp,ParallaxBackground::renderParallaxLayers(Point position),14,12,9,2,0,0,2,10,
C:\Users\Arne Stenkrona\Source\Repos\Prototype\Prototype\Prototype\src\System\graphics\parallaxBackground.cpp,ParallaxBackground::setDepthOfField(double d),2,2,2,0,0,0,0,0,
C:\Users\Arne Stenkrona\Source\Repos\Prototype\Prototype\Prototype\src\System\graphics\parallaxBackground.cpp,"ParallaxBackground::addLayer(LTexture * texture, double depth, bool fixVertical)",6,5,6,1,1,0,0,0,
C:\Users\Arne Stenkrona\Source\Repos\Prototype\Prototype\Prototype\src\System\graphics\parallaxBackground.cpp,ParallaxBackground::addBackground(LTexture * bg),2,2,2,0,0,0,0,0,
C:\Users\Arne Stenkrona\Source\Repos\Prototype\Prototype\Prototype\src\System\graphics\parallaxBackground.cpp,ParallaxBackground::setOrigin(Point p),2,2,2,0,0,0,0,0,
C:\Users\Arne Stenkrona\Source\Repos\Prototype\Prototype\Prototype\src\System\graphics\textureManager.cpp,TextureManager::initalizeTextureManager(),31,25,19,6,4,0,2,26,
C:\Users\Arne Stenkrona\Source\Repos\Prototype\Prototype\Prototype\src\System\graphics\textureManager.cpp,TextureManager::loadTileSet(TILEMAPS map),5,5,4,1,0,0,0,0,
C:\Users\Arne Stenkrona\Source\Repos\Prototype\Prototype\Prototype\src\System\graphics\textureManager.cpp,TextureManager::generateTileQuad(unsigned int index),7,7,7,1,0,0,0,0,
C:\Users\Arne Stenkrona\Source\Repos\Prototype\Prototype\Prototype\src\System\graphics\textureManager.cpp,TextureManager::closeTextureManager(),10,9,6,3,1,0,0,0,
C:\Users\Arne Stenkrona\Source\Repos\Prototype\Prototype\Prototype\src\System\graphics\TileMap.cpp,TileMap::TileMap(),10,10,8,3,0,0,0,0,
C:\Users\Arne Stenkrona\Source\Repos\Prototype\Prototype\Prototype\src\System\graphics\TileMap.cpp,TileMap::~TileMap(),3,3,3,0,0,0,0,0,
C:\Users\Arne Stenkrona\Source\Repos\Prototype\Prototype\Prototype\src\System\graphics\TileMap.cpp,"TileMap::loadFromFile(string texturePath, string colliderPath)",35,27,20,4,6,0,2,9,
C:\Users\Arne Stenkrona\Source\Repos\Prototype\Prototype\Prototype\src\System\graphics\opengl\frameBuffer.cpp,"FrameBuffer::FrameBuffer(unsigned int screen_width, unsigned int screen_height)",25,18,17,1,5,0,2,6,
C:\Users\Arne Stenkrona\Source\Repos\Prototype\Prototype\Prototype\src\System\graphics\opengl\frameBuffer.cpp,FrameBuffer::~FrameBuffer(),2,2,2,0,0,0,0,0,
C:\Users\Arne Stenkrona\Source\Repos\Prototype\Prototype\Prototype\src\System\graphics\opengl\frameBuffer.cpp,FrameBuffer::present() const,6,6,6,0,0,0,0,0,
C:\Users\Arne Stenkrona\Source\Repos\Prototype\Prototype\Prototype\src\System\graphics\opengl\frameBuffer.cpp,FrameBuffer::bind() const,2,2,2,0,0,0,0,0,
C:\Users\Arne Stenkrona\Source\Repos\Prototype\Prototype\Prototype\src\System\graphics\opengl\frameBuffer.cpp,FrameBuffer::ubind() const,2,2,2,0,0,0,0,0,
C:\Users\Arne Stenkrona\Source\Repos\Prototype\Prototype\Prototype\src\System\graphics\opengl\GLutility.cpp,GLClearError(),2,2,2,1,0,0,0,0,
C:\Users\Arne Stenkrona\Source\Repos\Prototype\Prototype\Prototype\src\System\graphics\opengl\GLutility.cpp,"GLLogCall(const char * function, const char * file, int line)",7,7,5,3,0,0,0,0,
C:\Users\Arne Stenkrona\Source\Repos\Prototype\Prototype\Prototype\src\System\graphics\opengl\indexBuffer.cpp,"IndexBuffer::IndexBuffer(const unsigned int* data, unsigned int count)",5,5,5,0,0,0,0,0,
C:\Users\Arne Stenkrona\Source\Repos\Prototype\Prototype\Prototype\src\System\graphics\opengl\indexBuffer.cpp,IndexBuffer::~IndexBuffer(),2,2,2,0,0,0,0,0,
C:\Users\Arne Stenkrona\Source\Repos\Prototype\Prototype\Prototype\src\System\graphics\opengl\indexBuffer.cpp,IndexBuffer::bind() const,2,2,2,0,0,0,0,0,
C:\Users\Arne Stenkrona\Source\Repos\Prototype\Prototype\Prototype\src\System\graphics\opengl\indexBuffer.cpp,IndexBuffer::unbind() const,2,2,2,0,0,0,0,0,
C:\Users\Arne Stenkrona\Source\Repos\Prototype\Prototype\Prototype\src\System\graphics\opengl\rendererGL.cpp,"RendererGL::RendererGL(unsigned int screen_width, unsigned int screen_height)",2,2,2,0,0,0,0,0,
C:\Users\Arne Stenkrona\Source\Repos\Prototype\Prototype\Prototype\src\System\graphics\opengl\rendererGL.cpp,RendererGL::~RendererGL(),1,1,1,0,0,0,0,0,
C:\Users\Arne Stenkrona\Source\Repos\Prototype\Prototype\Prototype\src\System\graphics\opengl\rendererGL.cpp,RendererGL::clear() const,2,2,2,0,0,0,0,0,
C:\Users\Arne Stenkrona\Source\Repos\Prototype\Prototype\Prototype\src\System\graphics\opengl\rendererGL.cpp,"RendererGL::draw(const VertexArray & va, const IndexBuffer & ib, const ShaderGL & shader) const",6,6,6,0,0,0,0,0,
C:\Users\Arne Stenkrona\Source\Repos\Prototype\Prototype\Prototype\src\System\graphics\opengl\rendererGL.cpp,RendererGL::present(),2,2,2,0,0,0,0,0,
C:\Users\Arne Stenkrona\Source\Repos\Prototype\Prototype\Prototype\src\System\graphics\opengl\shaderGL.cpp,ShaderGL::ShaderGL(const std::string & path),2,2,2,0,0,0,0,0,
C:\Users\Arne Stenkrona\Source\Repos\Prototype\Prototype\Prototype\src\System\graphics\opengl\shaderGL.cpp,ShaderGL::~ShaderGL(),2,2,2,0,0,0,0,0,
C:\Users\Arne Stenkrona\Source\Repos\Prototype\Prototype\Prototype\src\System\graphics\opengl\shaderGL.cpp,ShaderGL::bind() const,2,2,2,0,0,0,0,0,
C:\Users\Arne Stenkrona\Source\Repos\Prototype\Prototype\Prototype\src\System\graphics\opengl\shaderGL.cpp,ShaderGL::unbind() const,2,2,2,0,0,0,0,0,
C:\Users\Arne Stenkrona\Source\Repos\Prototype\Prototype\Prototype\src\System\graphics\opengl\shaderGL.cpp,"ShaderGL::setUniform1i(const std::string & name, int value)",2,2,2,0,0,0,0,0,
C:\Users\Arne Stenkrona\Source\Repos\Prototype\Prototype\Prototype\src\System\graphics\opengl\shaderGL.cpp,"ShaderGL::setUniform4f(const std::string & name, float v0, float v1, float v2, float v3)",2,2,2,0,0,0,0,0,
C:\Users\Arne Stenkrona\Source\Repos\Prototype\Prototype\Prototype\src\System\graphics\opengl\shaderGL.cpp,"ShaderGL::createShader(const std::string& vertexShader, const std::string& fragmentShader)",14,11,11,1,3,0,0,0,
C:\Users\Arne Stenkrona\Source\Repos\Prototype\Prototype\Prototype\src\System\graphics\opengl\shaderGL.cpp,"ShaderGL::compileShader(unsigned int type, const std::string& source)",23,21,20,3,1,0,1,4,
C:\Users\Arne Stenkrona\Source\Repos\Prototype\Prototype\Prototype\src\System\graphics\opengl\shaderGL.cpp,ShaderGL::loadShader(const std::string& path),22,20,14,4,2,0,0,0,
C:\Users\Arne Stenkrona\Source\Repos\Prototype\Prototype\Prototype\src\System\graphics\opengl\shaderGL.cpp,ShaderGL::getUniformLocation(const std::string & name),10,8,6,4,2,0,0,0,
C:\Users\Arne Stenkrona\Source\Repos\Prototype\Prototype\Prototype\src\System\graphics\opengl\textureGL.cpp,"TextureGL::TextureGL(const std::string & path, unsigned int slot)",3,3,3,0,0,0,0,0,
C:\Users\Arne Stenkrona\Source\Repos\Prototype\Prototype\Prototype\src\System\graphics\opengl\textureGL.cpp,TextureGL::~TextureGL(),1,1,1,0,0,0,0,0,
C:\Users\Arne Stenkrona\Source\Repos\Prototype\Prototype\Prototype\src\System\graphics\opengl\textureGL.cpp,TextureGL::bind() const,3,3,3,0,0,0,0,0,
C:\Users\Arne Stenkrona\Source\Repos\Prototype\Prototype\Prototype\src\System\graphics\opengl\textureGL.cpp,TextureGL::unbind() const,3,3,3,0,0,0,0,0,
C:\Users\Arne Stenkrona\Source\Repos\Prototype\Prototype\Prototype\src\System\graphics\opengl\textureGL.cpp,TextureGL::loadTexture(),38,22,18,3,6,0,10,59,
C:\Users\Arne Stenkrona\Source\Repos\Prototype\Prototype\Prototype\src\System\graphics\opengl\VertexArray.cpp,VertexArray::VertexArray(),2,2,2,0,0,0,0,0,
C:\Users\Arne Stenkrona\Source\Repos\Prototype\Prototype\Prototype\src\System\graphics\opengl\VertexArray.cpp,VertexArray::~VertexArray(),2,2,2,0,0,0,0,0,
C:\Users\Arne Stenkrona\Source\Repos\Prototype\Prototype\Prototype\src\System\graphics\opengl\VertexArray.cpp,"VertexArray::addBuffer(const VertexBuffer & vb, const VertexBufferLayout & layout)",12,12,10,1,0,0,0,0,
C:\Users\Arne Stenkrona\Source\Repos\Prototype\Prototype\Prototype\src\System\graphics\opengl\VertexArray.cpp,VertexArray::bind() const,2,2,2,0,0,0,0,0,
C:\Users\Arne Stenkrona\Source\Repos\Prototype\Prototype\Prototype\src\System\graphics\opengl\VertexArray.cpp,VertexArray::unbind() const,2,2,2,0,0,0,0,0,
C:\Users\Arne Stenkrona\Source\Repos\Prototype\Prototype\Prototype\src\System\graphics\opengl\vertexBuffer.cpp,"VertexBuffer::VertexBuffer(const void * data, unsigned int size)",4,4,4,0,0,0,0,0,
C:\Users\Arne Stenkrona\Source\Repos\Prototype\Prototype\Prototype\src\System\graphics\opengl\vertexBuffer.cpp,VertexBuffer::~VertexBuffer(),2,2,2,0,0,0,0,0,
C:\Users\Arne Stenkrona\Source\Repos\Prototype\Prototype\Prototype\src\System\graphics\opengl\vertexBuffer.cpp,VertexBuffer::bind() const,2,2,2,0,0,0,0,0,
C:\Users\Arne Stenkrona\Source\Repos\Prototype\Prototype\Prototype\src\System\graphics\opengl\vertexBuffer.cpp,VertexBuffer::unbind() const,2,2,2,0,0,0,0,0,
C:\Users\Arne Stenkrona\Source\Repos\Prototype\Prototype\Prototype\src\System\GUI\UIElement\UIActionListener.cpp,UIActionListener::UIActionListener(),1,1,1,0,0,0,0,0,
C:\Users\Arne Stenkrona\Source\Repos\Prototype\Prototype\Prototype\src\System\GUI\UIElement\UIActionListener.cpp,UIActionListener::~UIActionListener(),1,1,1,0,0,0,0,0,
C:\Users\Arne Stenkrona\Source\Repos\Prototype\Prototype\Prototype\src\System\GUI\UIElement\UIActionListener.cpp,UIActionListener::actionPerformed(UIEvent * e),1,1,1,0,0,0,0,0,
C:\Users\Arne Stenkrona\Source\Repos\Prototype\Prototype\Prototype\src\System\GUI\UIElement\UIActionListener.cpp,UIActionListener::windowOpened(UIEvent * e),1,1,1,0,0,0,0,0,
C:\Users\Arne Stenkrona\Source\Repos\Prototype\Prototype\Prototype\src\System\GUI\UIElement\UIActionListener.cpp,UIActionListener::windowActivated(UIEvent * e),1,1,1,0,0,0,0,0,
C:\Users\Arne Stenkrona\Source\Repos\Prototype\Prototype\Prototype\src\System\GUI\UIElement\UIActionListener.cpp,UIActionListener::windowDeactivated(UIEvent * e),1,1,1,0,0,0,0,0,
C:\Users\Arne Stenkrona\Source\Repos\Prototype\Prototype\Prototype\src\System\GUI\UIElement\UIActionListener.cpp,UIActionListener::windowClosed(UIEvent * e),1,1,1,0,0,0,0,0,
C:\Users\Arne Stenkrona\Source\Repos\Prototype\Prototype\Prototype\src\System\GUI\UIElement\UIBorder.cpp,"UIBorder::UIBorder(int _posX, int _posY, int _border_width, int _border_height, int _layer)",1,1,1,0,0,0,0,0,
C:\Users\Arne Stenkrona\Source\Repos\Prototype\Prototype\Prototype\src\System\GUI\UIElement\UIBorder.cpp,UIBorder::render(),4,4,5,0,0,0,0,0,
C:\Users\Arne Stenkrona\Source\Repos\Prototype\Prototype\Prototype\src\System\GUI\UIElement\UIButton.cpp,"UIButton::UIButton(UIActionListener* _listener, int _positionX, int _positionY, int _width, int _height, int _layer, std::string _text)",1,1,1,0,0,0,0,0,
C:\Users\Arne Stenkrona\Source\Repos\Prototype\Prototype\Prototype\src\System\GUI\UIElement\UIButton.cpp,UIButton::~UIButton(),3,3,3,0,0,0,0,0,
C:\Users\Arne Stenkrona\Source\Repos\Prototype\Prototype\Prototype\src\System\GUI\UIElement\UIButton.cpp,UIButton::sendEvent(),4,4,4,0,0,0,0,0,
C:\Users\Arne Stenkrona\Source\Repos\Prototype\Prototype\Prototype\src\System\GUI\UIElement\UIButton.cpp,UIButton::onMouseOver(),10,10,8,2,0,0,0,0,
C:\Users\Arne Stenkrona\Source\Repos\Prototype\Prototype\Prototype\src\System\GUI\UIElement\UIButton.cpp,UIButton::update(),9,9,7,2,0,0,0,0,
C:\Users\Arne Stenkrona\Source\Repos\Prototype\Prototype\Prototype\src\System\GUI\UIElement\UIButton.cpp,UIButton::render(),19,16,17,2,3,0,0,0,
C:\Users\Arne Stenkrona\Source\Repos\Prototype\Prototype\Prototype\src\System\GUI\UIElement\UIColliderSelector.cpp,"UIColliderSelector::UIColliderSelector(int _posx, int _posy, int _layer, unsigned int _columns, unsigned int _rows, Color _selectedColor, Color _hoverColor)",10,10,6,2,0,0,0,0,
C:\Users\Arne Stenkrona\Source\Repos\Prototype\Prototype\Prototype\src\System\GUI\UIElement\UIColliderSelector.cpp,UIColliderSelector::getPolygon() const,9,9,8,5,0,0,0,0,
C:\Users\Arne Stenkrona\Source\Repos\Prototype\Prototype\Prototype\src\System\GUI\UIElement\UIColliderSelector.cpp,"UIColliderSelector::renderSelected(int x, int y, Color color)",8,8,8,3,0,0,0,0,
C:\Users\Arne Stenkrona\Source\Repos\Prototype\Prototype\Prototype\src\System\GUI\UIElement\UIComponent.cpp,"UIComponent::UIComponent(int _posx, int _posy, int _width, int _height, int _layer)",1,1,1,0,0,0,0,0,
C:\Users\Arne Stenkrona\Source\Repos\Prototype\Prototype\Prototype\src\System\GUI\UIElement\UIComponent.cpp,UIComponent::onMouseOver(),3,3,2,1,0,0,0,0,
C:\Users\Arne Stenkrona\Source\Repos\Prototype\Prototype\Prototype\src\System\GUI\UIElement\UIElement.cpp,"UIElement::UIElement(int _posx, int _posy, int _width, int _height, int _layer, bool _tangible, bool _visible)",7,6,5,1,1,0,0,0,
C:\Users\Arne Stenkrona\Source\Repos\Prototype\Prototype\Prototype\src\System\GUI\UIElement\UIElement.cpp,UIElement::~UIElement(),19,16,11,6,3,0,0,0,
C:\Users\Arne Stenkrona\Source\Repos\Prototype\Prototype\Prototype\src\System\GUI\UIElement\UIElement.cpp,"pointWithin(int px, int py, int posx, int posy, int dimx, int dimy)",3,3,2,1,0,0,0,0,
C:\Users\Arne Stenkrona\Source\Repos\Prototype\Prototype\Prototype\src\System\GUI\UIElement\UIElement.cpp,UIElement::updateUIElements(),31,24,17,7,1,0,6,40,
C:\Users\Arne Stenkrona\Source\Repos\Prototype\Prototype\Prototype\src\System\GUI\UIElement\UIElement.cpp,UIElement::renderUIElements(),9,9,6,3,0,0,0,0,
C:\Users\Arne Stenkrona\Source\Repos\Prototype\Prototype\Prototype\src\System\GUI\UIElement\UIElement.cpp,UIElement::setSelected(UIElement * element),5,5,4,1,0,0,0,0,
C:\Users\Arne Stenkrona\Source\Repos\Prototype\Prototype\Prototype\src\System\GUI\UIElement\UIElement.cpp,UIElement::render(),1,1,1,0,0,0,0,0,
C:\Users\Arne Stenkrona\Source\Repos\Prototype\Prototype\Prototype\src\System\GUI\UIElement\UIElement.cpp,UIElement::onMouseOver(),1,1,1,0,0,0,0,0,
C:\Users\Arne Stenkrona\Source\Repos\Prototype\Prototype\Prototype\src\System\GUI\UIElement\UIElement.cpp,UIElement::onMouseLeft(),1,1,1,0,0,0,0,0,
C:\Users\Arne Stenkrona\Source\Repos\Prototype\Prototype\Prototype\src\System\GUI\UIElement\UIElement.cpp,UIElement::onSelect(),1,1,1,0,0,0,0,0,
C:\Users\Arne Stenkrona\Source\Repos\Prototype\Prototype\Prototype\src\System\GUI\UIElement\UIElement.cpp,UIElement::onDeselect(),1,1,1,0,0,0,0,0,
C:\Users\Arne Stenkrona\Source\Repos\Prototype\Prototype\Prototype\src\System\GUI\UIElement\UIElement.cpp,UIElement::update(),1,1,1,0,0,0,0,0,
C:\Users\Arne Stenkrona\Source\Repos\Prototype\Prototype\Prototype\src\System\GUI\UIElement\UIElement.cpp,"UIElement::getAlignmentOffset(Alignment align, int _width, int _height, int & alignx, int & aligny) const",43,43,32,11,0,0,0,0,
C:\Users\Arne Stenkrona\Source\Repos\Prototype\Prototype\Prototype\src\System\GUI\UIElement\UIElement.cpp,"UIElement::drawSquare(int _width, int _height, Color color, Square_type type, Alignment align, int offsetX, int offsetY) const",16,16,12,4,0,0,0,0,
C:\Users\Arne Stenkrona\Source\Repos\Prototype\Prototype\Prototype\src\System\GUI\UIElement\UIElement.cpp,"UIElement::renderText(std::string text, Color color, Alignment align, int offsetX, int offsetY) const",5,4,4,0,1,0,0,0,
C:\Users\Arne Stenkrona\Source\Repos\Prototype\Prototype\Prototype\src\System\GUI\UIElement\UIElement.cpp,"UIElement::renderTextBackdrop(std::string text, Color color, Alignment align, int offsetX, int offsetY, Color backColor) const",3,3,3,0,0,0,0,0,
C:\Users\Arne Stenkrona\Source\Repos\Prototype\Prototype\Prototype\src\System\GUI\UIElement\UIElement.cpp,UIElement::moveToFrontOffLayer(unsigned int l),14,11,9,3,3,0,0,0,
C:\Users\Arne Stenkrona\Source\Repos\Prototype\Prototype\Prototype\src\System\GUI\UIElement\UIEvent.cpp,UIEvent::UIEvent(),1,1,1,0,0,0,0,0,
C:\Users\Arne Stenkrona\Source\Repos\Prototype\Prototype\Prototype\src\System\GUI\UIElement\UIEvent.cpp,UIEvent::~UIEvent(),1,1,1,0,0,0,0,0,
C:\Users\Arne Stenkrona\Source\Repos\Prototype\Prototype\Prototype\src\System\GUI\UIElement\UIGridSelector.cpp,"UIGridSelector::UIGridSelector(Room* _room, int _posx, int _posy, int _layer)",3,3,1,0,0,0,0,0,
C:\Users\Arne Stenkrona\Source\Repos\Prototype\Prototype\Prototype\src\System\GUI\UIElement\UIGridSelector.cpp,UIGridSelector::~UIGridSelector(),1,1,1,0,0,0,0,0,
C:\Users\Arne Stenkrona\Source\Repos\Prototype\Prototype\Prototype\src\System\GUI\UIElement\UIGridSelector.cpp,UIGridSelector::render(),5,4,4,1,1,0,0,0,
C:\Users\Arne Stenkrona\Source\Repos\Prototype\Prototype\Prototype\src\System\GUI\UIElement\UIGridSelector.cpp,UIGridSelector::renderRoom(),9,9,6,3,0,0,0,0,
C:\Users\Arne Stenkrona\Source\Repos\Prototype\Prototype\Prototype\src\System\GUI\UIElement\UIGridSelector.cpp,UIGridSelector::update(),30,26,18,8,4,0,0,0,
C:\Users\Arne Stenkrona\Source\Repos\Prototype\Prototype\Prototype\src\System\GUI\UIElement\UIGridSelector.cpp,UIGridSelector::onMouseOver(),2,2,2,0,0,0,0,0,
C:\Users\Arne Stenkrona\Source\Repos\Prototype\Prototype\Prototype\src\System\GUI\UIElement\UIGridSelector.cpp,UIGridSelector::setRoom(Room* _room),23,21,17,5,2,0,0,0,
C:\Users\Arne Stenkrona\Source\Repos\Prototype\Prototype\Prototype\src\System\GUI\UIElement\UIGridSelector.cpp,"UIGridSelector::getActiveTileCoordinates(int & x, int & y)",3,3,3,0,0,0,0,0,
C:\Users\Arne Stenkrona\Source\Repos\Prototype\Prototype\Prototype\src\System\GUI\UIElement\UIGridSelector.cpp,"UIGridSelector::setElement(int x, int y)",43,38,26,10,4,0,1,9,
C:\Users\Arne Stenkrona\Source\Repos\Prototype\Prototype\Prototype\src\System\GUI\UIElement\UIGridSelector.cpp,"UIGridSelector::setActiveTileCoordinates(int x, int y)",3,3,3,0,0,0,0,0,
C:\Users\Arne Stenkrona\Source\Repos\Prototype\Prototype\Prototype\src\System\GUI\UIElement\UIGridTile.cpp,"UIGridTile::UIGridTile(UIGridSelector * _selector, int _layer, unsigned int _indX, unsigned int _indY)",1,1,1,0,0,0,0,0,
C:\Users\Arne Stenkrona\Source\Repos\Prototype\Prototype\Prototype\src\System\GUI\UIElement\UIGridTile.cpp,UIGridTile::updatePosition(),3,3,3,0,0,0,0,0,
C:\Users\Arne Stenkrona\Source\Repos\Prototype\Prototype\Prototype\src\System\GUI\UIElement\UIGridTile.cpp,UIGridTile::render(),17,14,12,4,2,0,1,4,
C:\Users\Arne Stenkrona\Source\Repos\Prototype\Prototype\Prototype\src\System\GUI\UIElement\UIGridTile.cpp,UIGridTile::onMouseOver(),6,5,4,1,1,0,0,0,
C:\Users\Arne Stenkrona\Source\Repos\Prototype\Prototype\Prototype\src\System\GUI\UIElement\UIGridTile.cpp,UIGridTile::onMouseLeft(),2,2,2,0,0,0,0,0,
C:\Users\Arne Stenkrona\Source\Repos\Prototype\Prototype\Prototype\src\System\GUI\UIElement\UIGridTile.cpp,UIGridTile::update(),1,1,1,0,0,0,0,0,
C:\Users\Arne Stenkrona\Source\Repos\Prototype\Prototype\Prototype\src\System\GUI\UIElement\UIGridTile.cpp,UIGridTile::onSelect(),2,2,2,0,0,0,0,0,
C:\Users\Arne Stenkrona\Source\Repos\Prototype\Prototype\Prototype\src\System\GUI\UIElement\UIGridTile.cpp,UIGridTile::onDeselect(),2,2,2,0,0,0,0,0,
C:\Users\Arne Stenkrona\Source\Repos\Prototype\Prototype\Prototype\src\System\GUI\UIElement\UIInfoBox.cpp,"UIInfoBox::UIInfoBox(UIGridSelector* _selector, int _positionX, int _positionY, int _width, int _height, int _layer, std::string _label)",1,1,1,0,0,0,0,0,
C:\Users\Arne Stenkrona\Source\Repos\Prototype\Prototype\Prototype\src\System\GUI\UIElement\UIInfoBox.cpp,UIInfoBox::render(),29,22,27,1,7,0,0,0,
C:\Users\Arne Stenkrona\Source\Repos\Prototype\Prototype\Prototype\src\System\GUI\UIElement\UIMovable.cpp,"UIMovable::UIMovable(int _positionX, int _positionY, int _width, int _height, int _layer)",1,1,1,0,0,0,0,0,
C:\Users\Arne Stenkrona\Source\Repos\Prototype\Prototype\Prototype\src\System\GUI\UIElement\UIMovable.cpp,UIMovable::derivedUpdate(),1,1,1,0,0,0,0,0,
C:\Users\Arne Stenkrona\Source\Repos\Prototype\Prototype\Prototype\src\System\GUI\UIElement\UIMovable.cpp,UIMovable::onMouseOver(),5,5,4,1,0,0,0,0,
C:\Users\Arne Stenkrona\Source\Repos\Prototype\Prototype\Prototype\src\System\GUI\UIElement\UIMovable.cpp,UIMovable::update(),17,15,13,2,2,0,0,0,
C:\Users\Arne Stenkrona\Source\Repos\Prototype\Prototype\Prototype\src\System\GUI\UIElement\UIMovable.cpp,UIMovable::onSelect(),5,5,4,1,0,0,0,0,
C:\Users\Arne Stenkrona\Source\Repos\Prototype\Prototype\Prototype\src\System\GUI\UIElement\UIObjectSelector.cpp,"UIObjectSelector::UIObjectSelector(int _posx, int _posy, int _layer, unsigned int _columns, unsigned int _rows, Color _selectedColor, Color _hoverColor)",11,11,6,2,0,0,0,0,
C:\Users\Arne Stenkrona\Source\Repos\Prototype\Prototype\Prototype\src\System\GUI\UIElement\UIObjectSelector.cpp,UIObjectSelector::~UIObjectSelector(),1,1,1,0,0,0,0,0,
C:\Users\Arne Stenkrona\Source\Repos\Prototype\Prototype\Prototype\src\System\GUI\UIElement\UIObjectSelector.cpp,"UIObjectSelector::renderSelected(int x, int y, Color color)",10,10,7,0,0,0,0,0,
C:\Users\Arne Stenkrona\Source\Repos\Prototype\Prototype\Prototype\src\System\GUI\UIElement\UIPanel.cpp,"UIPanel::UIPanel(int _positionX, int _positionY, int _width, int _height, int _layer)",1,1,1,0,0,0,0,0,
C:\Users\Arne Stenkrona\Source\Repos\Prototype\Prototype\Prototype\src\System\GUI\UIElement\UIPanel.cpp,UIPanel::~UIPanel(),5,5,4,1,0,0,0,0,
C:\Users\Arne Stenkrona\Source\Repos\Prototype\Prototype\Prototype\src\System\GUI\UIElement\UIPanel.cpp,"UIPanel::attach(UIComponent * c, Alignment a, int offsetX, int offsetY)",9,8,8,0,1,0,0,0,
C:\Users\Arne Stenkrona\Source\Repos\Prototype\Prototype\Prototype\src\System\GUI\UIElement\UIPanel.cpp,UIPanel::isSelected() const,7,7,5,5,0,0,0,0,
C:\Users\Arne Stenkrona\Source\Repos\Prototype\Prototype\Prototype\src\System\GUI\UIElement\UIPanel.cpp,UIPanel::toggleSelected(),11,11,9,4,0,0,0,0,
C:\Users\Arne Stenkrona\Source\Repos\Prototype\Prototype\Prototype\src\System\GUI\UIElement\UIPanel.cpp,UIPanel::update(),3,3,2,1,0,0,0,0,
C:\Users\Arne Stenkrona\Source\Repos\Prototype\Prototype\Prototype\src\System\GUI\UIElement\UIPrompt.cpp,"UIPrompt::UIPrompt(UIPromptListener * _listener, int _positionX, int _positionY, int _width, int _height, int _layer, std::string _label)",6,5,5,0,1,0,0,0,
C:\Users\Arne Stenkrona\Source\Repos\Prototype\Prototype\Prototype\src\System\GUI\UIElement\UIPrompt.cpp,UIPrompt::getInput(),2,2,2,1,0,0,0,0,
C:\Users\Arne Stenkrona\Source\Repos\Prototype\Prototype\Prototype\src\System\GUI\UIElement\UIPrompt.cpp,UIPrompt::render(),6,5,7,1,1,0,0,0,
C:\Users\Arne Stenkrona\Source\Repos\Prototype\Prototype\Prototype\src\System\GUI\UIElement\UIPrompt.cpp,UIPrompt::derivedUpdate(),1,1,1,0,0,0,0,0,
C:\Users\Arne Stenkrona\Source\Repos\Prototype\Prototype\Prototype\src\System\GUI\UIElement\UIPrompt.cpp,UIPromptListener::UIPromptListener(std::string _label),1,1,1,0,0,0,0,0,
C:\Users\Arne Stenkrona\Source\Repos\Prototype\Prototype\Prototype\src\System\GUI\UIElement\UIPrompt.cpp,UIPromptListener::cancel(),3,3,3,0,0,0,0,0,
C:\Users\Arne Stenkrona\Source\Repos\Prototype\Prototype\Prototype\src\System\GUI\UIElement\UIPrompt.cpp,UIPromptListener::ok(),4,4,4,0,0,0,0,0,
C:\Users\Arne Stenkrona\Source\Repos\Prototype\Prototype\Prototype\src\System\GUI\UIElement\UIPrompt.cpp,UIPromptListener::actionPerformed(UIEvent * e),6,6,4,1,0,0,0,0,
C:\Users\Arne Stenkrona\Source\Repos\Prototype\Prototype\Prototype\src\System\GUI\UIElement\UISelectable.cpp,"UISelectable::UISelectable(UISelector * _selector, int _posX, int _posY, unsigned int _width, unsigned int _height, unsigned int _layer, int _index)",1,1,1,0,0,0,0,0,
C:\Users\Arne Stenkrona\Source\Repos\Prototype\Prototype\Prototype\src\System\GUI\UIElement\UISelectable.cpp,UISelectable::~UISelectable(),1,1,1,0,0,0,0,0,
C:\Users\Arne Stenkrona\Source\Repos\Prototype\Prototype\Prototype\src\System\GUI\UIElement\UISelectable.cpp,UISelectable::select(),1,1,1,0,0,0,0,0,
C:\Users\Arne Stenkrona\Source\Repos\Prototype\Prototype\Prototype\src\System\GUI\UIElement\UISelectable.cpp,UISelectable::render(),8,6,5,1,2,0,0,0,
C:\Users\Arne Stenkrona\Source\Repos\Prototype\Prototype\Prototype\src\System\GUI\UIElement\UISelectable.cpp,UISelectable::onMouseOver(),9,9,7,1,0,0,0,0,
C:\Users\Arne Stenkrona\Source\Repos\Prototype\Prototype\Prototype\src\System\GUI\UIElement\UISelectable.cpp,UISelectable::onMouseLeft(),2,2,2,0,0,0,0,0,
C:\Users\Arne Stenkrona\Source\Repos\Prototype\Prototype\Prototype\src\System\GUI\UIElement\UISelectable.cpp,UISelectable::onSelect(),2,2,2,0,0,0,0,0,
C:\Users\Arne Stenkrona\Source\Repos\Prototype\Prototype\Prototype\src\System\GUI\UIElement\UISelectable.cpp,UISelectable::onDeselect(),2,2,2,0,0,0,0,0,
C:\Users\Arne Stenkrona\Source\Repos\Prototype\Prototype\Prototype\src\System\GUI\UIElement\UISelectable.cpp,UISelectable::update(),1,1,1,0,0,0,0,0,
C:\Users\Arne Stenkrona\Source\Repos\Prototype\Prototype\Prototype\src\System\GUI\UIElement\UISelectableCollider.cpp,"UISelectableCollider::UISelectableCollider(UISelector * _selector, int _posX, int _posY, unsigned int _layer, int _index)",1,1,1,0,0,0,0,0,
C:\Users\Arne Stenkrona\Source\Repos\Prototype\Prototype\Prototype\src\System\GUI\UIElement\UISelectableCollider.cpp,UISelectableCollider::render(),5,5,5,1,0,0,0,0,
C:\Users\Arne Stenkrona\Source\Repos\Prototype\Prototype\Prototype\src\System\GUI\UIElement\UISelectableObject.cpp,"UISelectableObject::UISelectableObject(UIObjectSelector * _selector, int _posX, int _posY, unsigned int _layer, int _index)",1,1,1,0,0,0,0,0,
C:\Users\Arne Stenkrona\Source\Repos\Prototype\Prototype\Prototype\src\System\GUI\UIElement\UISelectableObject.cpp,UISelectableObject::render(),5,5,3,0,0,0,0,0,
C:\Users\Arne Stenkrona\Source\Repos\Prototype\Prototype\Prototype\src\System\GUI\UIElement\UISelectableTile.cpp,"UISelectableTile::UISelectableTile(UITileSelector* _selector, int _posX, int _posY, unsigned int _layer, int _index)",1,1,1,0,0,0,0,0,
C:\Users\Arne Stenkrona\Source\Repos\Prototype\Prototype\Prototype\src\System\GUI\UIElement\UISelectableTile.cpp,UISelectableTile::render(),76,74,32,13,2,0,0,0,
C:\Users\Arne Stenkrona\Source\Repos\Prototype\Prototype\Prototype\src\System\GUI\UIElement\UISelectableTile.cpp,UISelectableTile::onMouseLeft(),3,3,3,0,0,0,0,0,
C:\Users\Arne Stenkrona\Source\Repos\Prototype\Prototype\Prototype\src\System\GUI\UIElement\UISelectableTool.cpp,"UISelectableTool::UISelectableTool(UIToolSelector * _selector, int _posX, int _posY, unsigned int _layer, int _index)",1,1,1,0,0,0,0,0,
C:\Users\Arne Stenkrona\Source\Repos\Prototype\Prototype\Prototype\src\System\GUI\UIElement\UISelectableTool.cpp,UISelectableTool::render(),10,7,6,0,3,0,0,0,
C:\Users\Arne Stenkrona\Source\Repos\Prototype\Prototype\Prototype\src\System\GUI\UIElement\UISelectableTool.cpp,UISelectableTool::onSelect(),2,2,2,0,0,0,0,0,
C:\Users\Arne Stenkrona\Source\Repos\Prototype\Prototype\Prototype\src\System\GUI\UIElement\UISelectableTool.cpp,UISelectableTool::onMouseOver(),5,5,4,1,0,0,0,0,
C:\Users\Arne Stenkrona\Source\Repos\Prototype\Prototype\Prototype\src\System\GUI\UIElement\UISelector.cpp,"UISelector::UISelector(int _posx, int _posy, int _layer, unsigned int _columns, unsigned int _rows, unsigned int _indexLimitX, unsigned int _indexLimitY, const std::string _label, Color _selectedColor, Color _hoverColor)",2,2,2,0,0,0,0,0,
C:\Users\Arne Stenkrona\Source\Repos\Prototype\Prototype\Prototype\src\System\GUI\UIElement\UISelector.cpp,UISelector::~UISelector(),6,6,4,2,0,0,0,0,
C:\Users\Arne Stenkrona\Source\Repos\Prototype\Prototype\Prototype\src\System\GUI\UIElement\UISelector.cpp,"UISelector::getRotationAndFlip(int & rot, bool & h, bool & v)",4,4,4,0,0,0,0,0,
C:\Users\Arne Stenkrona\Source\Repos\Prototype\Prototype\Prototype\src\System\GUI\UIElement\UISelector.cpp,UISelector::setSelected(int i),6,5,5,0,1,0,0,0,
C:\Users\Arne Stenkrona\Source\Repos\Prototype\Prototype\Prototype\src\System\GUI\UIElement\UISelector.cpp,"UISelector::renderSelected(int x, int y, Color color)",4,4,5,0,0,0,0,0,
C:\Users\Arne Stenkrona\Source\Repos\Prototype\Prototype\Prototype\src\System\GUI\UIElement\UISelector.cpp,UISelector::onSelect(),2,2,2,0,0,0,0,0,
C:\Users\Arne Stenkrona\Source\Repos\Prototype\Prototype\Prototype\src\System\GUI\UIElement\UISelector.cpp,UISelector::setActive(),4,4,3,1,0,0,0,0,
C:\Users\Arne Stenkrona\Source\Repos\Prototype\Prototype\Prototype\src\System\GUI\UIElement\UISelector.cpp,"UISelector::moveIndices(int dx, int dy)",5,5,3,2,0,0,0,0,
C:\Users\Arne Stenkrona\Source\Repos\Prototype\Prototype\Prototype\src\System\GUI\UIElement\UISelector.cpp,UISelector::update(),31,26,17,10,5,0,0,0,
C:\Users\Arne Stenkrona\Source\Repos\Prototype\Prototype\Prototype\src\System\GUI\UIElement\UISelector.cpp,UISelector::render(),7,6,6,1,1,0,0,0,
C:\Users\Arne Stenkrona\Source\Repos\Prototype\Prototype\Prototype\src\System\GUI\UIElement\UITextBox.cpp,"UITextBox::UITextBox(int _positionX, int _positionY, int _length, int _layer)",1,1,1,0,0,0,0,0,
C:\Users\Arne Stenkrona\Source\Repos\Prototype\Prototype\Prototype\src\System\GUI\UIElement\UITextBox.cpp,UITextBox::render(),10,8,10,1,1,0,1,10,
C:\Users\Arne Stenkrona\Source\Repos\Prototype\Prototype\Prototype\src\System\GUI\UIElement\UITextBox.cpp,UITextBox::update(),3,3,2,1,0,0,0,0,
C:\Users\Arne Stenkrona\Source\Repos\Prototype\Prototype\Prototype\src\System\GUI\UIElement\UITileSelector.cpp,"UITileSelector::UITileSelector(int _posx, int _posy, int _layer, unsigned int _columns, unsigned int _rows, Color _selectedColor, Color _hoverColor)",12,12,7,2,0,0,0,0,
C:\Users\Arne Stenkrona\Source\Repos\Prototype\Prototype\Prototype\src\System\GUI\UIElement\UITileSelector.cpp,UITileSelector::getTile() const,7,7,5,2,0,0,0,0,
C:\Users\Arne Stenkrona\Source\Repos\Prototype\Prototype\Prototype\src\System\GUI\UIElement\UITileSelector.cpp,UITileSelector::getTiles() const,38,34,23,10,4,0,0,0,
C:\Users\Arne Stenkrona\Source\Repos\Prototype\Prototype\Prototype\src\System\GUI\UIElement\UITileSelector.cpp,"UITileSelector::renderSelected(int x, int y, Color color)",11,10,6,0,1,0,0,0,
C:\Users\Arne Stenkrona\Source\Repos\Prototype\Prototype\Prototype\src\System\GUI\UIElement\UITileSelector.cpp,UITileSelector::withinSelection(int idx),2,2,2,1,0,0,0,0,
C:\Users\Arne Stenkrona\Source\Repos\Prototype\Prototype\Prototype\src\System\GUI\UIElement\UITileSelector.cpp,UITileSelector::withinHover(int idx),2,2,2,1,0,0,0,0,
C:\Users\Arne Stenkrona\Source\Repos\Prototype\Prototype\Prototype\src\System\GUI\UIElement\UITileSelector.cpp,"UITileSelector::getBorderColorAndType(int index, Color & c, int & b)",63,53,41,21,1,1,9,22,
C:\Users\Arne Stenkrona\Source\Repos\Prototype\Prototype\Prototype\src\System\GUI\UIElement\UITileSelector.cpp,UITileSelector::updateSelectedIndices(),7,7,5,2,0,0,0,0,
C:\Users\Arne Stenkrona\Source\Repos\Prototype\Prototype\Prototype\src\System\GUI\UIElement\UITileSelector.cpp,UITileSelector::updateHoverIndices(),7,7,5,2,0,0,0,0,
C:\Users\Arne Stenkrona\Source\Repos\Prototype\Prototype\Prototype\src\System\GUI\UIElement\UITileSelector.cpp,UITileSelector::clearHoverIndices(),2,2,2,0,0,0,0,0,
C:\Users\Arne Stenkrona\Source\Repos\Prototype\Prototype\Prototype\src\System\GUI\UIElement\UITileSelector.cpp,UITileSelector::update(),12,12,9,3,0,0,0,0,
C:\Users\Arne Stenkrona\Source\Repos\Prototype\Prototype\Prototype\src\System\GUI\UIElement\UITileSelector.cpp,UITileSelector::render(),3,2,2,0,1,0,0,0,
C:\Users\Arne Stenkrona\Source\Repos\Prototype\Prototype\Prototype\src\System\GUI\UIElement\UITileSelector.cpp,UITileSelector::setSelected(int i),7,7,7,2,0,0,0,0,
C:\Users\Arne Stenkrona\Source\Repos\Prototype\Prototype\Prototype\src\System\GUI\UIElement\UITileSelector.cpp,UITileSelector::setHoverIndex(int i),7,7,7,2,0,0,0,0,
C:\Users\Arne Stenkrona\Source\Repos\Prototype\Prototype\Prototype\src\System\GUI\UIElement\UIToolSelector.cpp,"UIToolSelector::UIToolSelector(int _posx, int _posy, int _layer, Color _selectedColor, Color _hoverColor)",13,13,8,2,0,0,0,0,
C:\Users\Arne Stenkrona\Source\Repos\Prototype\Prototype\Prototype\src\System\GUI\UIElement\UIToolSelector.cpp,UIToolSelector::update(),1,1,1,0,0,0,0,0,
C:\Users\Arne Stenkrona\Source\Repos\Prototype\Prototype\Prototype\src\System\GUI\UIElement\UIToolSelector.cpp,UIToolSelector::render(),3,3,3,0,0,0,0,0,
C:\Users\Arne Stenkrona\Source\Repos\Prototype\Prototype\Prototype\src\System\GUI\Window\EditorWindow.cpp,"EditorWindow::EditorWindow(Editor* _editor, int _screen_width, int _screen_height, int _scale_x, int _scale_y, Room *_activeRoom)",1,1,1,0,0,0,0,0,
C:\Users\Arne Stenkrona\Source\Repos\Prototype\Prototype\Prototype\src\System\GUI\Window\EditorWindow.cpp,EditorWindow::update(),8,6,6,0,1,0,1,2,
C:\Users\Arne Stenkrona\Source\Repos\Prototype\Prototype\Prototype\src\System\GUI\Window\EditorWindow.cpp,EditorWindow::setRoom(Room * room),3,3,3,0,0,0,0,0,
C:\Users\Arne Stenkrona\Source\Repos\Prototype\Prototype\Prototype\src\System\GUI\Window\EditorWindow.cpp,"EditorWindow::drawOutlineSquare(int x, int y, uint8_t r, uint8_t g, uint8_t b, uint8_t a)",4,4,5,0,0,0,0,0,
C:\Users\Arne Stenkrona\Source\Repos\Prototype\Prototype\Prototype\src\System\GUI\Window\EditorWindow.cpp,"EditorWindow::drawSolidSquare(int x, int y, uint8_t r, uint8_t g, uint8_t b, uint8_t a)",4,4,5,0,0,0,0,0,
C:\Users\Arne Stenkrona\Source\Repos\Prototype\Prototype\Prototype\src\System\GUI\Window\lwindow.cpp,"LWindow::LWindow(int _screen_width, int _screen_height, int _scale_x, int _scale_y)",6,5,4,1,1,0,0,0,
C:\Users\Arne Stenkrona\Source\Repos\Prototype\Prototype\Prototype\src\System\GUI\Window\lwindow.cpp,LWindow::~LWindow(),4,4,4,0,0,0,0,0,
C:\Users\Arne Stenkrona\Source\Repos\Prototype\Prototype\Prototype\src\System\GUI\Window\lwindow.cpp,LWindow::updateAll(),10,10,7,3,0,0,0,0,
C:\Users\Arne Stenkrona\Source\Repos\Prototype\Prototype\Prototype\src\System\GUI\Window\lwindow.cpp,LWindow::update(),2,2,2,0,0,0,0,0,
C:\Users\Arne Stenkrona\Source\Repos\Prototype\Prototype\Prototype\src\System\GUI\Window\lwindow.cpp,LWindow::getRenderer(),2,2,2,1,0,0,0,0,
C:\Users\Arne Stenkrona\Source\Repos\Prototype\Prototype\Prototype\src\System\GUI\Window\lwindow.cpp,LWindow::hasExited(),2,2,2,1,0,0,0,0,
C:\Users\Arne Stenkrona\Source\Repos\Prototype\Prototype\Prototype\src\System\GUI\Window\lwindow.cpp,"LWindow::getPos(int *x, int *y)",2,2,2,0,0,0,0,0,
C:\Users\Arne Stenkrona\Source\Repos\Prototype\Prototype\Prototype\src\System\GUI\Window\lwindow.cpp,"LWindow::getDimensions(int * x, int * y)",2,2,2,0,0,0,0,0,
C:\Users\Arne Stenkrona\Source\Repos\Prototype\Prototype\Prototype\src\System\GUI\Window\lwindow.cpp,LWindow::clear(),3,3,3,0,0,0,0,0,
C:\Users\Arne Stenkrona\Source\Repos\Prototype\Prototype\Prototype\src\System\GUI\Window\lwindow.cpp,LWindow::present(),5,5,5,0,0,0,0,0,
C:\Users\Arne Stenkrona\Source\Repos\Prototype\Prototype\Prototype\src\System\GUI\Window\lwindow.cpp,LWindow::pollEvent(SDL_Event e),48,45,25,15,1,0,2,6,
C:\Users\Arne Stenkrona\Source\Repos\Prototype\Prototype\Prototype\src\System\GUI\Window\lwindow.cpp,LWindow::init(),32,24,20,7,2,0,6,20,
C:\Users\Arne Stenkrona\Source\Repos\Prototype\Prototype\Prototype\src\System\GUI\Window\lwindow.cpp,LWindow::close(),6,5,5,0,0,0,1,2,
C:\Users\Arne Stenkrona\Source\Repos\Prototype\Prototype\Prototype\src\System\IO\inputManager.cpp,initializeInputManager(),5,3,3,1,2,0,0,0,
C:\Users\Arne Stenkrona\Source\Repos\Prototype\Prototype\Prototype\src\System\IO\inputManager.cpp,getKeyDown(Input_key key),5,3,3,1,2,0,0,0,
C:\Users\Arne Stenkrona\Source\Repos\Prototype\Prototype\Prototype\src\System\IO\inputManager.cpp,getKeyUp(Input_key key),6,3,3,1,3,0,0,0,
C:\Users\Arne Stenkrona\Source\Repos\Prototype\Prototype\Prototype\src\System\IO\inputManager.cpp,getKey(Input_key key),5,3,3,1,2,0,0,0,
C:\Users\Arne Stenkrona\Source\Repos\Prototype\Prototype\Prototype\src\System\IO\inputManager.cpp,"getMouseCoordinates(int& x, int& y)",2,2,2,0,0,0,0,0,
C:\Users\Arne Stenkrona\Source\Repos\Prototype\Prototype\Prototype\src\System\IO\inputManager.cpp,"getMouseWorldCoordinates(int& x, int& y)",4,4,4,0,0,0,0,0,
C:\Users\Arne Stenkrona\Source\Repos\Prototype\Prototype\Prototype\src\System\IO\inputManager.cpp,getInputBuffer(),2,2,2,1,0,0,0,0,
C:\Users\Arne Stenkrona\Source\Repos\Prototype\Prototype\Prototype\src\System\IO\inputManager.cpp,modifyStringFromInput(std::string & s),4,4,3,1,0,0,0,0,
C:\Users\Arne Stenkrona\Source\Repos\Prototype\Prototype\Prototype\src\System\IO\inputManager.cpp,updateCurrentKeys(),48,48,48,0,0,0,0,0,
C:\Users\Arne Stenkrona\Source\Repos\Prototype\Prototype\Prototype\src\System\IO\inputManager.cpp,updateInputManager(),50,49,49,0,1,0,0,0,
C:\Users\Arne Stenkrona\Source\Repos\Prototype\Prototype\Prototype\src\System\Physics\collision.cpp,"Collision::Collision(PolygonCollider * col, PolygonCollider *otherCol, Point colN, double colT)",1,1,1,0,0,0,0,0,
C:\Users\Arne Stenkrona\Source\Repos\Prototype\Prototype\Prototype\src\System\Physics\collision.cpp,Collision::correctedVelocity(),7,5,5,1,0,0,2,7,
C:\Users\Arne Stenkrona\Source\Repos\Prototype\Prototype\Prototype\src\System\Physics\collision.cpp,Collision::complement(),2,2,2,1,0,0,0,0,
C:\Users\Arne Stenkrona\Source\Repos\Prototype\Prototype\Prototype\src\System\Physics\physicsEngine.cpp,PhysicsEngine::updateQuad(),11,8,5,2,2,0,1,3,
C:\Users\Arne Stenkrona\Source\Repos\Prototype\Prototype\Prototype\src\System\Physics\physicsEngine.cpp,PhysicsEngine::resetPhysics(),4,4,4,0,0,0,0,0,
C:\Users\Arne Stenkrona\Source\Repos\Prototype\Prototype\Prototype\src\System\Physics\physicsEngine.cpp,PhysicsEngine::updatePhysics(),3,3,3,0,0,0,0,0,
C:\Users\Arne Stenkrona\Source\Repos\Prototype\Prototype\Prototype\src\System\Physics\physicsEngine.cpp,PhysicsEngine::performHitdetection(),35,27,20,6,7,0,1,11,
C:\Users\Arne Stenkrona\Source\Repos\Prototype\Prototype\Prototype\src\System\Physics\physicsEngine.cpp,PhysicsEngine::setQuadBounds(Point _bounds),2,2,2,0,0,0,0,0,
C:\Users\Arne Stenkrona\Source\Repos\Prototype\Prototype\Prototype\src\System\Physics\physicsEngine.cpp,PhysicsEngine::drawQuadTree(),2,2,2,0,0,0,0,0,
C:\Users\Arne Stenkrona\Source\Repos\Prototype\Prototype\Prototype\src\System\Physics\physicsEngine.cpp,"PhysicsEngine::addToMaskLayer(PolygonCollider * col, unsigned int maskLayer)",3,3,3,1,0,0,0,0,
C:\Users\Arne Stenkrona\Source\Repos\Prototype\Prototype\Prototype\src\System\Physics\physicsEngine.cpp,"PhysicsEngine::removeFromMaskLayer(PolygonCollider * col, unsigned int maskLayer)",3,3,2,1,0,0,0,0,
C:\Users\Arne Stenkrona\Source\Repos\Prototype\Prototype\Prototype\src\System\Physics\physicsEngine.cpp,PhysicsEngine::removeFromAllMaskLayers(PolygonCollider * col),4,4,3,1,0,0,0,0,
C:\Users\Arne Stenkrona\Source\Repos\Prototype\Prototype\Prototype\src\System\Physics\physicsEngine.cpp,"PhysicsEngine::raycast(Point a, Point b, int maskLayer, std::string message)",3,3,3,1,0,0,0,0,
C:\Users\Arne Stenkrona\Source\Repos\Prototype\Prototype\Prototype\src\System\Physics\physicsEngine.cpp,"PhysicsEngine::raycast(Point a, Point b, RayCastHit* &out, int maskLayer, std::string message)",19,16,13,5,2,0,1,11,
C:\Users\Arne Stenkrona\Source\Repos\Prototype\Prototype\Prototype\src\System\Physics\rayCastHit.cpp,"RayCastHit::RayCastHit(Point _origin, Point _intersection, Point _normal, PolygonCollider* other)",1,1,1,0,0,0,0,0,
C:\Users\Arne Stenkrona\Source\Repos\Prototype\Prototype\Prototype\src\System\Physics\rayCastHit.cpp,"RayCastHit::RayCastHit(Point _origin, Point _intersection, Point _normal, PolygonCollider * other, const std::string &_message)",1,1,1,0,0,0,0,0,
C:\Users\Arne Stenkrona\Source\Repos\Prototype\Prototype\Prototype\src\System\sound\musicClip.cpp,MusicClip::MusicClip(std::string _filePath),7,6,4,1,0,0,1,2,
C:\Users\Arne Stenkrona\Source\Repos\Prototype\Prototype\Prototype\src\System\sound\musicClip.cpp,MusicClip::~MusicClip(),3,3,2,1,0,0,0,0,
C:\Users\Arne Stenkrona\Source\Repos\Prototype\Prototype\Prototype\src\System\sound\musicClip.cpp,"MusicClip::AudioCallback(void* data, uint8_t *stream, int len)",47,36,23,12,6,6,5,72,
C:\Users\Arne Stenkrona\Source\Repos\Prototype\Prototype\Prototype\src\System\sound\musicClip.cpp,MusicClip::play(int repeat) const,26,12,10,2,6,0,8,78,
C:\Users\Arne Stenkrona\Source\Repos\Prototype\Prototype\Prototype\src\System\sound\musicClip.cpp,MusicClip::stop(),10,9,7,2,1,0,0,0,
C:\Users\Arne Stenkrona\Source\Repos\Prototype\Prototype\Prototype\src\System\sound\musicClip.cpp,MusicClip::pause(),7,5,4,1,2,0,0,0,
C:\Users\Arne Stenkrona\Source\Repos\Prototype\Prototype\Prototype\src\System\sound\musicClip.cpp,MusicClip::unpause(),7,5,4,1,2,0,0,0,
C:\Users\Arne Stenkrona\Source\Repos\Prototype\Prototype\Prototype\src\System\sound\musicClip.cpp,MusicClip::initialize(),32,21,17,5,6,0,5,41,
C:\Users\Arne Stenkrona\Source\Repos\Prototype\Prototype\Prototype\src\System\sound\soundClip.cpp,SoundClip::SoundClip(std::string _filePath),7,6,4,1,0,0,1,3,
C:\Users\Arne Stenkrona\Source\Repos\Prototype\Prototype\Prototype\src\System\sound\soundClip.cpp,SoundClip::~SoundClip(),3,3,2,1,0,0,0,0,
C:\Users\Arne Stenkrona\Source\Repos\Prototype\Prototype\Prototype\src\System\sound\soundClip.cpp,"SoundClip::play(int channel, int repeat) const",2,2,2,0,0,0,0,0,
C:\Users\Arne Stenkrona\Source\Repos\Prototype\Prototype\Prototype\src\System\sound\soundManager.cpp,SoundManager::initalizeSoundManager(),11,10,8,2,1,0,0,0,
C:\Users\Arne Stenkrona\Source\Repos\Prototype\Prototype\Prototype\src\System\sound\soundManager.cpp,SoundManager::closeSoundManager(),3,3,3,0,0,0,0,0,
C:\Users\Arne Stenkrona\Source\Repos\Prototype\Prototype\Prototype\src\System\sound\soundManager.cpp,SoundManager::playMusic(MUSIC music),12,12,9,2,0,0,0,0,
C:\Users\Arne Stenkrona\Source\Repos\Prototype\Prototype\Prototype\src\tools\stringTools.cpp,"stringSplitter(std::string input, char c)",16,14,11,4,2,0,0,0,
C:\Users\Arne Stenkrona\Source\Repos\Prototype\Prototype\Prototype\src\tools\timeMacros.cpp,timeMacros::start(),2,2,2,0,0,0,0,0,
C:\Users\Arne Stenkrona\Source\Repos\Prototype\Prototype\Prototype\src\tools\timeMacros.cpp,timeMacros::stop(),4,4,4,0,0,0,0,0,
C:\Users\Arne Stenkrona\Source\Repos\Prototype\Prototype\Prototype\src\tools\fileTools.h,fileExists(const std::string& filename),7,7,5,3,0,0,0,0,
C:\Users\Arne Stenkrona\Source\Repos\Prototype\Prototype\Prototype\src\tools\stringTools.h,ltrim(std::string &s),4,4,4,1,0,0,0,0,
C:\Users\Arne Stenkrona\Source\Repos\Prototype\Prototype\Prototype\src\tools\stringTools.h,rtrim(std::string &s),4,4,4,1,0,0,0,0,
C:\Users\Arne Stenkrona\Source\Repos\Prototype\Prototype\Prototype\src\tools\stringTools.h,trim(std::string &s),3,3,3,0,0,0,0,0,
C:\Users\Arne Stenkrona\Source\Repos\Prototype\Prototype\Prototype\src\World\room.cpp,"Room::Room(const string _file_path, SoundManager::MUSIC _music)",2,2,2,0,0,0,0,0,
C:\Users\Arne Stenkrona\Source\Repos\Prototype\Prototype\Prototype\src\World\room.cpp,"Room::Room(const std::string _file_path, int x, int y, SoundManager::MUSIC _music, int _tileMapIndex, int _backgroundIndex)",9,7,6,1,2,0,0,0,
C:\Users\Arne Stenkrona\Source\Repos\Prototype\Prototype\Prototype\src\World\room.cpp,Room::~Room(),6,6,5,1,0,0,0,0,
C:\Users\Arne Stenkrona\Source\Repos\Prototype\Prototype\Prototype\src\World\room.cpp,Room::load(),2,2,2,0,0,0,0,0,
C:\Users\Arne Stenkrona\Source\Repos\Prototype\Prototype\Prototype\src\World\room.cpp,Room::unload(),13,11,9,2,2,0,0,0,
C:\Users\Arne Stenkrona\Source\Repos\Prototype\Prototype\Prototype\src\World\room.cpp,Room::saveToFile(),2,2,2,0,0,0,0,0,
C:\Users\Arne Stenkrona\Source\Repos\Prototype\Prototype\Prototype\src\World\room.cpp,Room::saveToFile(const std::string &path),73,49,40,6,15,5,9,40,
C:\Users\Arne Stenkrona\Source\Repos\Prototype\Prototype\Prototype\src\World\room.cpp,Room::renderBackground(Point position),2,2,2,0,0,0,0,0,
C:\Users\Arne Stenkrona\Source\Repos\Prototype\Prototype\Prototype\src\World\room.cpp,Room::getDimensions(),2,2,2,1,0,0,0,0,
C:\Users\Arne Stenkrona\Source\Repos\Prototype\Prototype\Prototype\src\World\room.cpp,Room::getPosition(),2,2,2,1,0,0,0,0,
C:\Users\Arne Stenkrona\Source\Repos\Prototype\Prototype\Prototype\src\World\room.cpp,Room::instantiate(),18,16,12,4,2,0,0,0,
C:\Users\Arne Stenkrona\Source\Repos\Prototype\Prototype\Prototype\src\World\room.cpp,Room::deinstantiate(),19,18,12,6,1,0,0,0,
C:\Users\Arne Stenkrona\Source\Repos\Prototype\Prototype\Prototype\src\World\room.cpp,"Room::getTile(int x, int y)",9,9,7,3,0,0,0,0,
C:\Users\Arne Stenkrona\Source\Repos\Prototype\Prototype\Prototype\src\World\room.cpp,"Room::setTile(int x, int y, Tile *tile)",9,8,7,1,1,0,0,0,
C:\Users\Arne Stenkrona\Source\Repos\Prototype\Prototype\Prototype\src\World\room.cpp,"Room::getDimensions(int & x, int & y)",3,3,3,0,0,0,0,0,
C:\Users\Arne Stenkrona\Source\Repos\Prototype\Prototype\Prototype\src\World\room.cpp,Room::readFromFile(),117,86,73,10,21,0,10,53,
C:\Users\Arne Stenkrona\Source\Repos\Prototype\Prototype\Prototype\src\World\Tile.cpp,"Tile::Tile(int _tileIndex, int _rotation, bool _flipH, bool _flipV, std::optional<Polyshape> _polygon, int _objectIndex)",1,1,1,0,0,0,0,0,
C:\Users\Arne Stenkrona\Source\Repos\Prototype\Prototype\Prototype\src\World\Tile.cpp,Tile::~Tile(),1,1,1,0,0,0,0,0,
C:\Users\Arne Stenkrona\Source\Repos\Prototype\Prototype\Prototype\src\World\Tile.cpp,Tile::hasCollider() const,2,2,2,1,0,0,0,0,
C:\Users\Arne Stenkrona\Source\Repos\Prototype\Prototype\Prototype\src\World\Tile.cpp,Tile::getPolygon(),5,5,3,3,0,0,0,0,
C:\Users\Arne Stenkrona\Source\Repos\Prototype\Prototype\Prototype\src\World\Tile.cpp,Tile::getIndex(),2,2,2,1,0,0,0,0,
C:\Users\Arne Stenkrona\Source\Repos\Prototype\Prototype\Prototype\src\World\Tile.cpp,"Tile::gameObjectFromTile(int x, int y) const",20,18,17,4,2,0,0,0,
C:\Users\Arne Stenkrona\Source\Repos\Prototype\Prototype\Prototype\src\World\Tile.cpp,"Tile::instantiateObject(int x, int y) const",9,9,6,4,0,0,0,0,
C:\Users\Arne Stenkrona\Source\Repos\Prototype\Prototype\Prototype\src\World\Tile.cpp,"Tile::renderTile(int x, int y)",16,13,5,3,1,0,2,5,
C:\Users\Arne Stenkrona\Source\Repos\Prototype\Prototype\Prototype\src\World\editor\editor.cpp,Editor::Editor(),7,5,5,0,0,0,2,6,
C:\Users\Arne Stenkrona\Source\Repos\Prototype\Prototype\Prototype\src\World\editor\editor.cpp,Editor::~Editor(),2,2,2,0,0,0,0,0,
C:\Users\Arne Stenkrona\Source\Repos\Prototype\Prototype\Prototype\src\World\editor\editor.cpp,Editor::run(),39,26,20,5,6,0,7,24,
C:\Users\Arne Stenkrona\Source\Repos\Prototype\Prototype\Prototype\src\World\editor\editor.cpp,Editor::save(),2,2,2,0,0,0,0,0,
C:\Users\Arne Stenkrona\Source\Repos\Prototype\Prototype\Prototype\src\World\editor\editor.cpp,Editor::setRoom(Room *room),8,8,7,1,0,0,0,0,
C:\Users\Arne Stenkrona\Source\Repos\Prototype\Prototype\Prototype\src\World\editor\editor.cpp,Editor::openFile(),8,8,6,3,0,0,0,0,
C:\Users\Arne Stenkrona\Source\Repos\Prototype\Prototype\Prototype\src\World\editor\editor.cpp,Editor::getFilePath(bool requireExistingFile),32,21,21,3,7,2,4,32,
C:\Users\Arne Stenkrona\Source\Repos\Prototype\Prototype\Prototype\src\World\editor\editor.cpp,Editor::loadFile(const std::string& path),4,4,4,0,0,0,0,0,
C:\Users\Arne Stenkrona\Source\Repos\Prototype\Prototype\Prototype\src\World\objects\object.cpp,Object::instantiate() const,2,2,2,1,0,0,0,0,
C:\Users\Arne Stenkrona\Source\Repos\Prototype\Prototype\Prototype\src\World\objects\object.cpp,Object::~Object(),2,2,2,0,0,0,0,0,
C:\Users\Arne Stenkrona\Source\Repos\Prototype\Prototype\Prototype\src\World\objects\object.cpp,Object::Object(),1,1,1,0,0,0,0,0,
C:\Users\Arne Stenkrona\Source\Repos\Prototype\Prototype\Prototype\src\World\objects\object.cpp,Object::Object(Prefabrication* _prefab),1,1,1,0,0,0,0,0,
